IC208,,,,
Arcminute,North,East,South,West
0,0.147,0.147,0.147,0.147
1,0.145,0.147,0.147,0.145
2,0.144,0.147,0.146,0.143
3,0.144,0.146,0.147,0.143
4,0.136,0.146,0.147,0.141
5,0.135,0.146,0.146,0.14
6,0.135,0.145,0.143,0.14
7,0.131,0.145,0.143,0.14
8,0.13,0.145,0.142,0.14
9,0.13,0.144,0.137,0.14
10,0.131,0.144,0.137,0.14
11,0.131,0.142,0.135,0.14
12,0.131,0.138,0.13,0.14
13,0.135,0.138,0.13,0.14
14,0.137,0.134,0.129,0.141
15,0.137,0.128,0.126,0.141
16,0.14,0.124,0.126,0.14
17,0.14,0.124,0.125,0.137
18,0.14,0.125,0.123,0.137
19,0.139,0.122,0.123,0.135
20,0.138,0.122,0.123,0.131
,,,,
NGC2748,,,,
Arcminute,North,East,South,West
0,0.071,0.071,0.071,0.071
1,0.073,0.071,0.071,0.068
2,0.074,0.073,0.071,0.058
3,0.074,0.074,0.071,0.05
4,0.077,0.074,0.071,0.047
5,0.087,0.077,0.068,0.051
6,0.087,0.077,0.066,0.055
7,0.096,0.077,0.066,0.057
8,0.109,0.077,0.065,0.054
9,0.109,0.076,0.061,0.049
10,0.109,0.076,0.061,0.05
11,0.106,0.077,0.057,0.052
12,0.106,0.077,0.055,0.05
13,0.098,0.077,0.055,0.047
14,0.09,0.078,0.052,0.046
15,0.09,0.077,0.051,0.042
16,0.071,0.077,0.051,0.041
17,0.059,0.077,0.05,0.04
18,0.059,0.077,0.05,0.042
19,0.053,0.077,0.05,0.047
20,0.046,0.078,0.05,0.051
,,,,
ESO317-32,,,,
Arcminute,North,East,South,West
0,0.363,0.363,0.363,0.363
1,0.36,0.368,0.361,0.354
2,0.36,0.365,0.361,0.354
3,0.349,0.365,0.36,0.348
4,0.343,0.363,0.365,0.34
5,0.343,0.362,0.365,0.331
6,0.336,0.362,0.356,0.328
7,0.329,0.351,0.358,0.328
8,0.329,0.343,0.358,0.319
9,0.325,0.343,0.358,0.311
10,0.324,0.34,0.336,0.314
11,0.324,0.333,0.336,0.314
12,0.328,0.333,0.333,0.304
13,0.33,0.331,0.327,0.295
14,0.331,0.33,0.327,0.295
15,0.34,0.33,0.319,0.286
16,0.344,0.331,0.322,0.279
17,0.344,0.328,0.322,0.277
18,0.353,0.328,0.325,0.274
19,0.361,0.325,0.328,0.275
20,0.361,0.319,0.328,0.277
,,,,
NGC7187,,,,
Arcminute,North,East,South,West
0,0.092,0.092,0.092,0.092
1,0.091,0.092,0.087,0.093
2,0.091,0.091,0.087,0.091
3,0.091,0.086,0.086,0.091
4,0.088,0.086,0.085,0.091
5,0.088,0.084,0.085,0.09
6,0.086,0.082,0.083,0.09
7,0.085,0.082,0.082,0.089
8,0.085,0.081,0.082,0.088
9,0.085,0.081,0.082,0.088
10,0.086,0.081,0.081,0.086
11,0.086,0.081,0.081,0.083
12,0.088,0.081,0.081,0.082
13,0.088,0.081,0.079,0.081
14,0.088,0.081,0.079,0.081
15,0.088,0.081,0.078,0.081
16,0.088,0.081,0.077,0.079
17,0.088,0.082,0.077,0.077
18,0.086,0.082,0.076,0.077
19,0.085,0.082,0.073,0.077
20,0.085,0.083,0.073,0.075
,,,,
NGC3191,,,,
Arcminute,North,East,South,West
0,0.03,0.03,0.03,0.03
1,0.031,0.03,0.03,0.03
2,0.031,0.031,0.029,0.03
3,0.031,0.031,0.027,0.029
4,0.032,0.031,0.027,0.028
5,0.033,0.031,0.026,0.027
6,0.033,0.031,0.024,0.027
7,0.034,0.032,0.024,0.027
8,0.034,0.032,0.023,0.027
9,0.034,0.032,0.022,0.026
10,0.034,0.033,0.022,0.025
11,0.031,0.033,0.02,0.025
12,0.031,0.033,0.02,0.025
13,0.028,0.033,0.02,0.025
14,0.026,0.034,0.02,0.024
15,0.026,0.034,0.02,0.024
16,0.023,0.034,0.02,0.024
17,0.023,0.034,0.02,0.024
18,0.023,0.034,0.02,0.025
19,0.023,0.034,0.02,0.024
20,0.024,0.034,0.021,0.023
,,,,
UGC09113,,,,
Arcminute,North,East,South,West
0,0.063,0.063,0.063,0.063
1,0.062,0.063,0.063,0.064
2,0.061,0.06,0.063,0.064
3,0.064,0.059,0.062,0.064
4,0.064,0.059,0.058,0.064
5,0.06,0.057,0.058,0.06
6,0.06,0.052,0.057,0.06
7,0.061,0.052,0.052,0.059
8,0.055,0.051,0.052,0.053
9,0.055,0.044,0.05,0.051
10,0.054,0.044,0.046,0.049
11,0.048,0.044,0.046,0.049
12,0.048,0.043,0.043,0.048
13,0.046,0.043,0.041,0.049
14,0.043,0.044,0.041,0.049
15,0.043,0.044,0.038,0.049
16,0.041,0.044,0.038,0.05
17,0.04,0.044,0.038,0.05
18,0.04,0.044,0.038,0.05
19,0.038,0.044,0.038,0.048
20,0.038,0.043,0.038,0.047
,,,,
UGC09386,,,,
Arcminute,North,East,South,West
0,0.042,0.042,0.042,0.042
1,0.042,0.041,0.042,0.042
2,0.043,0.041,0.041,0.042
3,0.043,0.041,0.039,0.041
4,0.042,0.038,0.039,0.041
5,0.042,0.036,0.037,0.039
6,0.042,0.036,0.036,0.039
7,0.04,0.035,0.036,0.038
8,0.04,0.034,0.035,0.038
9,0.04,0.034,0.035,0.039
10,0.037,0.033,0.035,0.039
11,0.035,0.033,0.033,0.038
12,0.035,0.033,0.033,0.038
13,0.036,0.033,0.033,0.037
14,0.035,0.033,0.032,0.035
15,0.035,0.033,0.031,0.035
16,0.037,0.033,0.031,0.037
17,0.036,0.032,0.031,0.038
18,0.036,0.032,0.03,0.038
19,0.037,0.032,0.03,0.041
20,0.036,0.032,0.03,0.04
,,,,
NGC7552,,,,
Arcminute,North,East,South,West
0,0.038,0.038,0.038,0.038
1,0.038,0.038,0.038,0.038
2,0.037,0.038,0.038,0.038
3,0.037,0.038,0.037,0.038
4,0.038,0.039,0.037,0.037
5,0.037,0.039,0.037,0.036
6,0.037,0.04,0.035,0.034
7,0.036,0.039,0.035,0.034
8,0.035,0.039,0.034,0.032
9,0.035,0.039,0.032,0.028
10,0.032,0.036,0.032,0.027
11,0.03,0.036,0.031,0.027
12,0.03,0.033,0.03,0.026
13,0.027,0.032,0.03,0.026
14,0.026,0.032,0.032,0.028
15,0.026,0.03,0.032,0.028
16,0.026,0.029,0.032,0.03
17,0.028,0.029,0.034,0.03
18,0.028,0.029,0.034,0.03
19,0.029,0.03,0.034,0.03
20,0.031,0.03,0.035,0.029
,,,,
MCG-02-30-003,,,,
Arcminute,North,East,South,West
0,0.113,0.113,0.113,0.113
1,0.113,0.113,0.108,0.113
2,0.11,0.112,0.109,0.105
3,0.102,0.112,0.109,0.102
4,0.102,0.107,0.102,0.102
5,0.1,0.105,0.101,0.097
6,0.092,0.105,0.101,0.096
7,0.092,0.102,0.097,0.096
8,0.089,0.099,0.097,0.094
9,0.087,0.099,0.097,0.095
10,0.087,0.097,0.096,0.095
11,0.087,0.095,0.097,0.096
12,0.087,0.095,0.097,0.099
13,0.087,0.092,0.097,0.1
14,0.087,0.089,0.097,0.1
15,0.09,0.089,0.097,0.1
16,0.09,0.088,0.097,0.101
17,0.09,0.087,0.097,0.101
18,0.092,0.087,0.097,0.101
19,0.092,0.087,0.095,0.099
20,0.091,0.086,0.093,0.099
,,,,
MCG-01-32-001,,,,
Arcminute,North,East,South,West
0,0.102,0.102,0.102,0.102
1,0.097,0.102,0.102,0.102
2,0.093,0.1,0.102,0.101
3,0.093,0.1,0.102,0.092
4,0.082,0.1,0.102,0.092
5,0.077,0.099,0.103,0.089
6,0.077,0.099,0.107,0.086
7,0.07,0.098,0.107,0.086
8,0.066,0.1,0.111,0.087
9,0.066,0.1,0.116,0.087
10,0.063,0.099,0.116,0.087
11,0.062,0.095,0.116,0.09
12,0.061,0.095,0.115,0.096
13,0.059,0.095,0.115,0.096
14,0.059,0.093,0.112,0.099
15,0.059,0.093,0.106,0.1
16,0.059,0.087,0.106,0.1
17,0.06,0.085,0.102,0.103
18,0.06,0.085,0.095,0.104
19,0.061,0.081,0.095,0.104
20,0.061,0.079,0.089,0.104
,,,,
NGC613,,,,
Arcminute,North,East,South,West
0,0.052,0.052,0.052,0.052
1,0.052,0.052,0.052,0.052
2,0.052,0.052,0.052,0.052
3,0.052,0.052,0.052,0.053
4,0.052,0.052,0.051,0.053
5,0.052,0.052,0.05,0.054
6,0.052,0.051,0.05,0.054
7,0.052,0.051,0.05,0.054
8,0.053,0.047,0.048,0.054
9,0.051,0.044,0.048,0.054
10,0.051,0.044,0.048,0.052
11,0.049,0.04,0.047,0.052
12,0.047,0.037,0.047,0.05
13,0.047,0.037,0.047,0.05
14,0.044,0.035,0.047,0.048
15,0.044,0.036,0.047,0.047
16,0.044,0.036,0.048,0.046
17,0.042,0.037,0.047,0.046
18,0.042,0.039,0.047,0.045
19,0.042,0.039,0.046,0.045
20,0.041,0.042,0.045,0.044
,,,,
ESO509-IG064,,,,
Arcminute,North,East,South,West
0,0.339,0.339,0.339,0.339
1,0.334,0.339,0.343,0.337
2,0.334,0.338,0.348,0.336
3,0.325,0.341,0.348,0.332
4,0.317,0.341,0.346,0.332
5,0.317,0.332,0.347,0.327
6,0.31,0.335,0.347,0.317
7,0.303,0.335,0.349,0.308
8,0.303,0.328,0.335,0.308
9,0.299,0.328,0.335,0.302
10,0.293,0.328,0.327,0.292
11,0.293,0.322,0.286,0.291
12,0.298,0.316,0.286,0.291
13,0.296,0.316,0.274,0.289
14,0.296,0.306,0.246,0.29
15,0.296,0.297,0.246,0.29
16,0.295,0.297,0.242,0.292
17,0.295,0.289,0.23,0.295
18,0.294,0.283,0.23,0.297
19,0.287,0.283,0.226,0.297
20,0.287,0.281,0.22,0.299
,,,,
M66,,,,
Arcminute,North,East,South,West
0,0.09,0.09,0.09,0.09
1,0.087,0.09,0.09,0.089
2,0.087,0.09,0.093,0.089
3,0.087,0.089,0.098,0.087
4,0.087,0.09,0.098,0.086
5,0.084,0.09,0.098,0.086
6,0.084,0.087,0.093,0.083
7,0.083,0.082,0.093,0.078
8,0.076,0.082,0.085,0.076
9,0.076,0.081,0.076,0.076
10,0.073,0.081,0.076,0.072
11,0.065,0.081,0.072,0.07
12,0.065,0.079,0.07,0.07
13,0.064,0.076,0.07,0.069
14,0.063,0.076,0.07,0.067
15,0.063,0.074,0.07,0.067
16,0.064,0.074,0.07,0.066
17,0.065,0.074,0.075,0.066
18,0.065,0.072,0.078,0.066
19,0.067,0.068,0.078,0.065
20,0.069,0.068,0.083,0.064
,,,,
NGC4125,,,,
Arcminute,North,East,South,West
0,0.051,0.051,0.051,0.051
1,0.051,0.05,0.051,0.052
2,0.051,0.05,0.051,0.053
3,0.051,0.049,0.051,0.058
4,0.05,0.047,0.052,0.06
5,0.05,0.047,0.052,0.06
6,0.049,0.047,0.052,0.058
7,0.049,0.047,0.054,0.058
8,0.049,0.047,0.054,0.058
9,0.049,0.047,0.054,0.058
10,0.048,0.047,0.054,0.058
11,0.048,0.047,0.054,0.056
12,0.047,0.048,0.052,0.055
13,0.046,0.048,0.052,0.052
14,0.046,0.048,0.052,0.053
15,0.046,0.048,0.05,0.049
16,0.044,0.048,0.048,0.044
17,0.044,0.048,0.048,0.042
18,0.044,0.049,0.046,0.039
19,0.044,0.049,0.045,0.037
20,0.044,0.049,0.045,0.036
,,,,
NGC5221,,,,
Arcminute,North,East,South,West
0,0.079,0.079,0.079,0.079
1,0.079,0.077,0.077,0.079
2,0.078,0.077,0.077,0.079
3,0.078,0.076,0.075,0.077
4,0.076,0.072,0.074,0.074
5,0.075,0.072,0.074,0.074
6,0.075,0.071,0.071,0.07
7,0.073,0.069,0.071,0.069
8,0.073,0.069,0.071,0.066
9,0.073,0.068,0.068,0.066
10,0.074,0.067,0.066,0.066
11,0.074,0.067,0.066,0.065
12,0.074,0.067,0.064,0.065
13,0.076,0.068,0.064,0.064
14,0.076,0.068,0.064,0.063
15,0.076,0.068,0.063,0.063
16,0.075,0.07,0.062,0.062
17,0.076,0.07,0.062,0.061
18,0.076,0.071,0.062,0.061
19,0.077,0.073,0.062,0.06
20,0.077,0.073,0.062,0.059
,,,,
NGC3631,,,,
Arcminute,North,East,South,West
0,0.044,0.044,0.044,0.044
1,0.044,0.044,0.044,0.044
2,0.044,0.044,0.044,0.045
3,0.044,0.044,0.044,0.046
4,0.044,0.043,0.044,0.05
5,0.044,0.043,0.044,0.05
6,0.043,0.043,0.044,0.051
7,0.042,0.042,0.044,0.05
8,0.042,0.042,0.044,0.052
9,0.042,0.041,0.044,0.05
10,0.041,0.041,0.045,0.049
11,0.041,0.041,0.045,0.047
12,0.04,0.041,0.046,0.046
13,0.037,0.042,0.045,0.042
14,0.037,0.042,0.045,0.041
15,0.036,0.042,0.044,0.04
16,0.035,0.045,0.043,0.04
17,0.035,0.045,0.043,0.039
18,0.034,0.046,0.04,0.036
19,0.034,0.046,0.039,0.035
20,0.034,0.046,0.039,0.034
,,,,
KUG0647+311,,,,
Arcminute,North,East,South,West
0,0.356,0.356,0.356,0.356
1,0.354,0.356,0.358,0.358
2,0.351,0.357,0.361,0.358
3,0.351,0.357,0.362,0.362
4,0.346,0.357,0.362,0.362
5,0.333,0.359,0.363,0.362
6,0.333,0.349,0.363,0.361
7,0.318,0.349,0.363,0.359
8,0.306,0.352,0.361,0.35
9,0.306,0.336,0.358,0.346
10,0.294,0.336,0.358,0.346
11,0.284,0.334,0.354,0.343
12,0.284,0.316,0.346,0.34
13,0.281,0.316,0.346,0.342
14,0.279,0.314,0.341,0.342
15,0.279,0.303,0.336,0.344
16,0.276,0.303,0.336,0.345
17,0.274,0.297,0.331,0.348
18,0.274,0.287,0.332,0.348
19,0.272,0.287,0.332,0.348
20,0.271,0.282,0.335,0.349
,,,,
ESO323-G084,,,,
Arcminute,North,East,South,West
0,0.351,0.351,0.351,0.351
1,0.351,0.345,0.343,0.35
2,0.354,0.341,0.333,0.353
3,0.355,0.341,0.333,0.353
4,0.355,0.336,0.33,0.353
5,0.353,0.329,0.321,0.348
6,0.345,0.329,0.321,0.355
7,0.345,0.326,0.318,0.352
8,0.343,0.324,0.311,0.357
9,0.341,0.322,0.311,0.357
10,0.341,0.317,0.309,0.354
11,0.343,0.311,0.299,0.353
12,0.344,0.311,0.299,0.347
13,0.344,0.308,0.288,0.347
14,0.344,0.302,0.283,0.347
15,0.344,0.302,0.283,0.346
16,0.344,0.299,0.274,0.347
17,0.336,0.299,0.269,0.345
18,0.33,0.299,0.269,0.345
19,0.33,0.298,0.259,0.344
20,0.327,0.298,0.257,0.341
,,,,
NGC88,,,,
Arcminute,North,East,South,West
0,0.052,0.052,0.052,0.052
1,0.052,0.052,0.052,0.053
2,0.052,0.051,0.052,0.053
3,0.052,0.051,0.051,0.053
4,0.052,0.051,0.051,0.053
5,0.052,0.051,0.051,0.053
6,0.052,0.05,0.051,0.053
7,0.052,0.05,0.051,0.052
8,0.052,0.05,0.051,0.052
9,0.051,0.05,0.05,0.051
10,0.051,0.049,0.049,0.05
11,0.051,0.049,0.049,0.048
12,0.05,0.049,0.049,0.048
13,0.049,0.049,0.048,0.047
14,0.049,0.048,0.048,0.046
15,0.048,0.047,0.048,0.045
16,0.047,0.047,0.048,0.045
17,0.047,0.047,0.048,0.044
18,0.045,0.046,0.048,0.044
19,0.044,0.046,0.047,0.043
20,0.044,0.045,0.047,0.043
,,,,
KUG0925+693,,,,
Arcminute,North,East,South,West
0,0.402,0.402,0.402,0.402
1,0.402,0.402,0.4,0.382
2,0.404,0.402,0.385,0.374
3,0.406,0.39,0.385,0.362
4,0.406,0.39,0.372,0.373
5,0.413,0.384,0.333,0.404
6,0.413,0.364,0.334,0.399
7,0.417,0.368,0.309,0.429
8,0.417,0.356,0.296,0.434
9,0.425,0.345,0.296,0.408
10,0.428,0.345,0.282,0.392
11,0.428,0.336,0.269,0.369
12,0.428,0.334,0.269,0.353
13,0.414,0.334,0.262,0.355
14,0.423,0.345,0.236,0.346
15,0.423,0.334,0.236,0.323
16,0.47,0.334,0.219,0.324
17,0.482,0.329,0.212,0.33
18,0.482,0.329,0.212,0.326
19,0.495,0.318,0.196,0.332
20,0.503,0.313,0.187,0.338
,,,,
NGC7653,,,,
Arcminute,North,East,South,West
0,0.179,0.179,0.179,0.179
1,0.179,0.179,0.178,0.179
2,0.179,0.179,0.177,0.179
3,0.178,0.179,0.174,0.181
4,0.172,0.18,0.174,0.185
5,0.172,0.18,0.172,0.185
6,0.166,0.181,0.17,0.188
7,0.155,0.182,0.17,0.196
8,0.155,0.182,0.172,0.2
9,0.148,0.183,0.173,0.2
10,0.135,0.184,0.173,0.203
11,0.135,0.184,0.177,0.205
12,0.122,0.188,0.175,0.205
13,0.115,0.189,0.175,0.204
14,0.115,0.189,0.173,0.204
15,0.104,0.193,0.159,0.204
16,0.099,0.192,0.158,0.193
17,0.094,0.192,0.158,0.184
18,0.094,0.19,0.141,0.178
19,0.09,0.187,0.139,0.178
20,0.088,0.186,0.139,0.167
,,,,
NGC383,,,,
Arcminute,North,East,South,West
0,0.193,0.193,0.193,0.193
1,0.193,0.193,0.186,0.191
2,0.195,0.19,0.184,0.182
3,0.199,0.183,0.184,0.171
4,0.199,0.183,0.177,0.171
5,0.2,0.174,0.172,0.165
6,0.199,0.166,0.172,0.162
7,0.199,0.166,0.167,0.161
8,0.199,0.163,0.165,0.161
9,0.186,0.161,0.165,0.161
10,0.186,0.161,0.163,0.161
11,0.184,0.162,0.162,0.162
12,0.171,0.163,0.162,0.162
13,0.171,0.163,0.162,0.163
14,0.166,0.164,0.163,0.163
15,0.159,0.169,0.163,0.165
16,0.159,0.172,0.164,0.166
17,0.153,0.172,0.163,0.168
18,0.151,0.174,0.163,0.17
19,0.151,0.178,0.162,0.17
20,0.149,0.178,0.16,0.171
,,,,
UGC5460,,,,
Arcminute,North,East,South,West
0,0.029,0.029,0.029,0.029
1,0.027,0.027,0.025,0.028
2,0.027,0.027,0.025,0.027
3,0.026,0.023,0.023,0.025
4,0.021,0.02,0.02,0.024
5,0.021,0.02,0.02,0.024
6,0.019,0.018,0.018,0.026
7,0.017,0.017,0.017,0.026
8,0.017,0.017,0.017,0.028
9,0.016,0.017,0.017,0.029
10,0.016,0.017,0.017,0.029
11,0.016,0.017,0.017,0.029
12,0.017,0.017,0.018,0.028
13,0.018,0.017,0.019,0.027
14,0.018,0.017,0.019,0.027
15,0.018,0.017,0.02,0.027
16,0.018,0.018,0.02,0.028
17,0.018,0.018,0.02,0.028
18,0.017,0.02,0.02,0.029
19,0.017,0.021,0.019,0.029
20,0.017,0.021,0.019,0.029
,,,,
UGC402,,,,
Arcminute,North,East,South,West
0,0.069,0.069,0.069,0.069
1,0.07,0.069,0.068,0.068
2,0.07,0.069,0.068,0.068
3,0.07,0.069,0.067,0.068
4,0.071,0.069,0.067,0.067
5,0.071,0.069,0.067,0.066
6,0.072,0.069,0.067,0.066
7,0.071,0.069,0.067,0.066
8,0.071,0.07,0.067,0.064
9,0.07,0.07,0.067,0.064
10,0.069,0.07,0.066,0.063
11,0.069,0.07,0.065,0.061
12,0.068,0.07,0.065,0.061
13,0.068,0.07,0.065,0.06
14,0.068,0.069,0.063,0.058
15,0.068,0.069,0.063,0.058
16,0.068,0.069,0.062,0.057
17,0.068,0.067,0.061,0.056
18,0.068,0.065,0.061,0.056
19,0.069,0.065,0.06,0.055
20,0.069,0.063,0.06,0.054
,,,,
PGC071943,,,,
Arcminute,North,East,South,West
0,0.043,0.043,0.043,0.043
1,0.044,0.042,0.041,0.043
2,0.044,0.042,0.041,0.036
3,0.043,0.04,0.036,0.034
4,0.042,0.036,0.033,0.028
5,0.042,0.036,0.033,0.026
6,0.038,0.034,0.031,0.024
7,0.036,0.033,0.031,0.024
8,0.036,0.033,0.031,0.025
9,0.034,0.034,0.031,0.027
10,0.033,0.035,0.032,0.027
11,0.033,0.035,0.032,0.027
12,0.034,0.038,0.032,0.027
13,0.034,0.038,0.033,0.028
14,0.034,0.038,0.033,0.029
15,0.036,0.039,0.033,0.03
16,0.038,0.038,0.035,0.03
17,0.038,0.038,0.035,0.031
18,0.039,0.038,0.036,0.031
19,0.04,0.037,0.038,0.03
20,0.04,0.037,0.038,0.03
,,,,
MCG-01-07-004,,,,
Arcminute,North,East,South,West
0,0.08,0.08,0.08,0.08
1,0.08,0.08,0.078,0.08
2,0.08,0.079,0.078,0.079
3,0.078,0.079,0.074,0.075
4,0.077,0.076,0.072,0.075
5,0.077,0.073,0.072,0.074
6,0.075,0.073,0.07,0.07
7,0.074,0.072,0.068,0.07
8,0.074,0.071,0.068,0.069
9,0.074,0.071,0.068,0.068
10,0.075,0.072,0.067,0.068
11,0.075,0.073,0.067,0.067
12,0.075,0.073,0.067,0.067
13,0.074,0.072,0.067,0.067
14,0.074,0.07,0.067,0.067
15,0.073,0.07,0.068,0.067
16,0.072,0.067,0.069,0.067
17,0.072,0.065,0.069,0.067
18,0.068,0.065,0.07,0.067
19,0.068,0.065,0.071,0.067
20,0.068,0.064,0.071,0.067
,,,,
MRK0887,,,,
Arcminute,North,East,South,West
0,0.036,0.036,0.036,0.036
1,0.032,0.033,0.039,0.035
2,0.032,0.033,0.039,0.034
3,0.031,0.034,0.042,0.032
4,0.031,0.036,0.045,0.032
5,0.031,0.036,0.045,0.03
6,0.031,0.037,0.045,0.029
7,0.031,0.039,0.045,0.028
8,0.031,0.039,0.045,0.028
9,0.033,0.039,0.04,0.028
10,0.033,0.038,0.039,0.029
11,0.033,0.038,0.039,0.029
12,0.032,0.037,0.038,0.029
13,0.032,0.035,0.037,0.029
14,0.032,0.035,0.037,0.028
15,0.032,0.033,0.036,0.027
16,0.031,0.03,0.035,0.026
17,0.031,0.03,0.035,0.026
18,0.03,0.03,0.035,0.025
19,0.029,0.029,0.035,0.025
20,0.029,0.029,0.035,0.026
,,,,
UGC11797,,,,
Arcminute,North,East,South,West
0,1.434,1.434,1.434,1.434
1,1.391,1.434,1.425,1.423
2,1.391,1.393,1.425,1.381
3,1.304,1.377,1.411,1.367
4,1.238,1.377,1.382,1.374
5,1.238,1.337,1.382,1.382
6,1.225,1.288,1.308,1.401
7,1.188,1.288,1.262,1.415
8,1.188,1.253,1.262,1.446
9,1.172,1.228,1.256,1.489
10,1.159,1.228,1.216,1.516
11,1.159,1.226,1.194,1.516
12,1.107,1.223,1.194,1.571
13,1.093,1.223,1.183,1.68
14,1.093,1.205,1.174,1.758
15,1.068,1.18,1.174,1.807
16,1.002,1.18,1.156,1.943
17,1.002,1.099,1.145,1.981
18,0.982,1.079,1.145,1.977
19,0.972,1.079,1.112,1.993
20,0.972,1.065,1.088,1.979
,,,,
NGC7371,,,,
Arcminute,North,East,South,West
0,0.165,0.165,0.165,0.165
1,0.164,0.161,0.165,0.163
2,0.16,0.161,0.157,0.163
3,0.16,0.152,0.154,0.16
4,0.15,0.147,0.154,0.156
5,0.147,0.147,0.151,0.156
6,0.147,0.144,0.15,0.154
7,0.144,0.143,0.15,0.151
8,0.143,0.143,0.15,0.151
9,0.143,0.143,0.15,0.153
10,0.141,0.141,0.15,0.151
11,0.14,0.141,0.15,0.151
12,0.14,0.139,0.148,0.15
13,0.14,0.139,0.148,0.149
14,0.139,0.139,0.148,0.149
15,0.139,0.139,0.147,0.148
16,0.138,0.138,0.147,0.147
17,0.137,0.138,0.145,0.143
18,0.137,0.137,0.143,0.143
19,0.136,0.136,0.143,0.138
20,0.132,0.136,0.139,0.136
,,,,
NGC6166,,,,
Arcminute,North,East,South,West
0,0.03,0.03,0.03,0.03
1,0.03,0.031,0.029,0.03
2,0.031,0.03,0.027,0.03
3,0.029,0.03,0.027,0.028
4,0.029,0.029,0.025,0.027
5,0.027,0.026,0.023,0.025
6,0.026,0.026,0.023,0.025
7,0.026,0.024,0.023,0.025
8,0.026,0.021,0.022,0.025
9,0.026,0.021,0.022,0.025
10,0.026,0.02,0.021,0.024
11,0.026,0.02,0.021,0.024
12,0.027,0.02,0.021,0.022
13,0.027,0.02,0.02,0.022
14,0.027,0.021,0.02,0.021
15,0.029,0.021,0.02,0.022
16,0.029,0.021,0.02,0.022
17,0.031,0.022,0.02,0.022
18,0.031,0.022,0.02,0.022
19,0.031,0.022,0.02,0.021
20,0.027,0.022,0.02,0.02
,,,,
NGC2357,,,,
Arcminute,North,East,South,West
0,0.178,0.178,0.178,0.178
1,0.177,0.179,0.178,0.178
2,0.175,0.182,0.178,0.176
3,0.175,0.182,0.178,0.173
4,0.172,0.181,0.178,0.17
5,0.167,0.181,0.177,0.17
6,0.167,0.181,0.175,0.165
7,0.159,0.182,0.178,0.16
8,0.152,0.175,0.175,0.16
9,0.152,0.175,0.172,0.154
10,0.147,0.177,0.172,0.151
11,0.143,0.172,0.168,0.146
12,0.143,0.172,0.163,0.146
13,0.138,0.172,0.163,0.145
14,0.137,0.169,0.16,0.144
15,0.137,0.169,0.157,0.144
16,0.137,0.171,0.157,0.144
17,0.137,0.17,0.155,0.147
18,0.137,0.17,0.152,0.148
19,0.137,0.172,0.152,0.151
20,0.138,0.173,0.15,0.151
,,,,
NGC5490,,,,
Arcminute,North,East,South,West
0,0.073,0.073,0.073,0.073
1,0.074,0.073,0.072,0.071
2,0.074,0.074,0.072,0.069
3,0.074,0.074,0.071,0.067
4,0.074,0.074,0.069,0.067
5,0.074,0.072,0.069,0.065
6,0.072,0.072,0.068,0.065
7,0.068,0.072,0.067,0.065
8,0.068,0.069,0.067,0.064
9,0.066,0.069,0.064,0.064
10,0.065,0.069,0.063,0.064
11,0.065,0.069,0.063,0.065
12,0.065,0.069,0.062,0.065
13,0.063,0.069,0.06,0.064
14,0.063,0.07,0.06,0.064
15,0.063,0.07,0.059,0.063
16,0.062,0.07,0.054,0.063
17,0.062,0.071,0.054,0.063
18,0.062,0.07,0.053,0.061
19,0.064,0.07,0.053,0.061
20,0.064,0.069,0.053,0.061
,,,,
NGC2748,,,,
Arcminute,North,East,South,West
0,0.071,0.071,0.071,0.071
1,0.073,0.071,0.071,0.068
2,0.074,0.073,0.071,0.058
3,0.074,0.074,0.071,0.05
4,0.077,0.074,0.071,0.047
5,0.087,0.077,0.068,0.051
6,0.087,0.077,0.066,0.055
7,0.096,0.077,0.066,0.057
8,0.109,0.077,0.065,0.054
9,0.109,0.076,0.061,0.049
10,0.109,0.076,0.061,0.05
11,0.106,0.077,0.057,0.052
12,0.106,0.077,0.055,0.05
13,0.098,0.077,0.055,0.047
14,0.09,0.078,0.052,0.046
15,0.09,0.077,0.051,0.042
16,0.071,0.077,0.051,0.041
17,0.059,0.077,0.05,0.04
18,0.059,0.077,0.05,0.042
19,0.053,0.077,0.05,0.047
20,0.046,0.078,0.05,0.051
,,,,
UGC5623,,,,
Arcminute,North,East,South,West
0,0.065,0.065,0.065,0.065
1,0.065,0.064,0.065,0.067
2,0.064,0.064,0.063,0.067
3,0.063,0.058,0.063,0.067
4,0.06,0.055,0.061,0.067
5,0.06,0.055,0.059,0.064
6,0.059,0.049,0.059,0.062
7,0.057,0.049,0.057,0.059
8,0.057,0.049,0.057,0.057
9,0.054,0.049,0.057,0.057
10,0.053,0.049,0.056,0.056
11,0.053,0.049,0.057,0.056
12,0.053,0.05,0.057,0.056
13,0.054,0.05,0.058,0.058
14,0.054,0.051,0.06,0.058
15,0.054,0.051,0.059,0.058
16,0.054,0.052,0.061,0.059
17,0.054,0.051,0.064,0.06
18,0.054,0.051,0.064,0.06
19,0.054,0.05,0.065,0.06
20,0.054,0.049,0.067,0.062
,,,,
NGC2668,,,,
Arcminute,North,East,South,West
0,0.095,0.095,0.095,0.095
1,0.095,0.095,0.092,0.095
2,0.094,0.095,0.09,0.093
3,0.092,0.092,0.09,0.091
4,0.092,0.092,0.088,0.089
5,0.089,0.092,0.087,0.089
6,0.087,0.092,0.087,0.088
7,0.087,0.092,0.087,0.091
8,0.086,0.091,0.088,0.091
9,0.086,0.091,0.088,0.092
10,0.086,0.091,0.09,0.091
11,0.087,0.09,0.091,0.09
12,0.088,0.09,0.091,0.089
13,0.088,0.09,0.091,0.085
14,0.088,0.087,0.09,0.084
15,0.088,0.086,0.09,0.078
16,0.088,0.084,0.087,0.078
17,0.087,0.084,0.086,0.078
18,0.085,0.084,0.086,0.078
19,0.085,0.083,0.084,0.078
20,0.085,0.083,0.083,0.079
,,,,
IC831,,,,
Arcminute,North,East,South,West
0,0.032,0.032,0.032,0.032
1,0.033,0.032,0.031,0.032
2,0.033,0.03,0.031,0.033
3,0.032,0.03,0.03,0.033
4,0.032,0.029,0.029,0.033
5,0.032,0.028,0.029,0.033
6,0.03,0.028,0.029,0.031
7,0.03,0.027,0.029,0.031
8,0.03,0.026,0.029,0.029
9,0.031,0.026,0.03,0.029
10,0.03,0.026,0.03,0.028
11,0.03,0.026,0.03,0.027
12,0.031,0.026,0.03,0.027
13,0.031,0.026,0.029,0.027
14,0.031,0.026,0.029,0.027
15,0.031,0.026,0.028,0.027
16,0.03,0.026,0.028,0.027
17,0.03,0.025,0.028,0.027
18,0.029,0.025,0.026,0.026
19,0.029,0.025,0.025,0.026
20,0.029,0.024,0.026,0.027
,,,,
NGC4080,,,,
Arcminute,North,East,South,West
0,0.068,0.068,0.068,0.068
1,0.07,0.066,0.068,0.068
2,0.067,0.066,0.065,0.068
3,0.067,0.064,0.06,0.066
4,0.065,0.06,0.06,0.064
5,0.06,0.06,0.059,0.061
6,0.06,0.058,0.056,0.061
7,0.059,0.057,0.056,0.06
8,0.057,0.057,0.055,0.059
9,0.057,0.056,0.053,0.058
10,0.056,0.056,0.053,0.058
11,0.055,0.056,0.052,0.057
12,0.055,0.055,0.052,0.057
13,0.056,0.055,0.052,0.057
14,0.056,0.055,0.052,0.057
15,0.056,0.053,0.053,0.058
16,0.057,0.053,0.053,0.058
17,0.058,0.053,0.053,0.057
18,0.058,0.052,0.053,0.057
19,0.058,0.051,0.053,0.056
20,0.058,0.051,0.053,0.055
,,,,
M61,,,,
Arcminute,North,East,South,West
0,0.06,0.06,0.06,0.06
1,0.06,0.06,0.06,0.06
2,0.06,0.06,0.06,0.06
3,0.061,0.06,0.06,0.06
4,0.061,0.06,0.06,0.06
5,0.061,0.06,0.06,0.06
6,0.061,0.06,0.06,0.06
7,0.061,0.059,0.058,0.06
8,0.061,0.059,0.057,0.058
9,0.06,0.059,0.057,0.056
10,0.06,0.056,0.055,0.056
11,0.057,0.055,0.052,0.053
12,0.054,0.055,0.052,0.051
13,0.054,0.053,0.049,0.051
14,0.051,0.052,0.048,0.049
15,0.05,0.052,0.048,0.048
16,0.05,0.052,0.046,0.048
17,0.049,0.053,0.045,0.047
18,0.048,0.053,0.045,0.047
19,0.048,0.054,0.045,0.047
20,0.048,0.058,0.045,0.047
,,,,
NGC1448,,,,
Arcminute,North,East,South,West
0,0.038,0.038,0.038,0.038
1,0.038,0.038,0.038,0.038
2,0.039,0.037,0.038,0.038
3,0.039,0.035,0.038,0.038
4,0.039,0.035,0.038,0.038
5,0.039,0.034,0.037,0.036
6,0.039,0.03,0.034,0.034
7,0.039,0.03,0.034,0.031
8,0.039,0.03,0.032,0.031
9,0.039,0.026,0.032,0.028
10,0.037,0.026,0.029,0.028
11,0.036,0.025,0.028,0.027
12,0.036,0.025,0.028,0.028
13,0.036,0.025,0.028,0.028
14,0.036,0.025,0.026,0.028
15,0.036,0.025,0.026,0.027
16,0.036,0.025,0.024,0.027
17,0.036,0.026,0.022,0.027
18,0.036,0.027,0.022,0.027
19,0.037,0.027,0.022,0.028
20,0.037,0.027,0.022,0.03
,,,,
UGC2855,,,,
Arcminute,North,East,South,West
0,1.943,1.943,1.943,1.943
1,1.943,1.943,1.924,1.992
2,1.977,1.858,1.9,2.077
3,1.981,1.719,1.9,2.146
4,1.981,1.719,1.876,2.127
5,1.974,1.628,1.891,2.046
6,1.962,1.516,1.891,1.979
7,1.962,1.516,1.872,1.956
8,1.941,1.473,1.808,1.973
9,1.887,1.453,1.808,1.993
10,1.887,1.453,1.798,2.016
11,1.868,1.448,1.788,2.064
12,1.853,1.442,1.788,2.134
13,1.853,1.442,1.757,2.183
14,1.833,1.437,1.761,2.255
15,1.811,1.422,1.761,2.301
16,1.811,1.422,1.78,2.266
17,1.776,1.387,1.729,2.089
18,1.772,1.368,1.729,1.916
19,1.772,1.368,1.743,1.866
20,1.857,1.346,1.767,1.819
,,,,
UGC12850,,,,
Arcminute,North,East,South,West
0,0.17,0.17,0.17,0.17
1,0.17,0.17,0.166,0.163
2,0.166,0.171,0.161,0.156
3,0.165,0.169,0.161,0.151
4,0.165,0.169,0.159,0.139
5,0.157,0.167,0.156,0.139
6,0.15,0.166,0.156,0.134
7,0.15,0.166,0.151,0.129
8,0.146,0.163,0.149,0.125
9,0.14,0.16,0.149,0.125
10,0.14,0.16,0.145,0.124
11,0.139,0.157,0.143,0.121
12,0.135,0.154,0.143,0.119
13,0.135,0.154,0.142,0.119
14,0.134,0.153,0.143,0.118
15,0.135,0.151,0.143,0.116
16,0.135,0.151,0.145,0.116
17,0.135,0.149,0.148,0.116
18,0.136,0.149,0.148,0.115
19,0.136,0.149,0.149,0.115
20,0.137,0.148,0.152,0.117
,,,,
PGC9204,,,,
Arcminute,North,East,South,West
0,0.045,0.045,0.045,0.045
1,0.045,0.046,0.045,0.044
2,0.045,0.046,0.045,0.044
3,0.04,0.044,0.044,0.042
4,0.036,0.04,0.039,0.036
5,0.036,0.04,0.038,0.035
6,0.035,0.038,0.038,0.035
7,0.033,0.036,0.036,0.032
8,0.033,0.036,0.035,0.031
9,0.033,0.035,0.035,0.033
10,0.035,0.035,0.034,0.033
11,0.035,0.035,0.033,0.035
12,0.035,0.037,0.033,0.036
13,0.036,0.039,0.033,0.036
14,0.036,0.039,0.032,0.036
15,0.037,0.04,0.032,0.036
16,0.036,0.041,0.032,0.035
17,0.036,0.041,0.032,0.034
18,0.036,0.04,0.032,0.034
19,0.037,0.039,0.032,0.034
20,0.037,0.039,0.033,0.033
,,,,
NGC2615,,,,
Arcminute,North,East,South,West
0,0.096,0.096,0.096,0.096
1,0.096,0.093,0.096,0.093
2,0.095,0.093,0.086,0.093
3,0.088,0.088,0.086,0.091
4,0.088,0.085,0.083,0.084
5,0.084,0.085,0.079,0.084
6,0.078,0.084,0.079,0.081
7,0.078,0.081,0.076,0.079
8,0.074,0.081,0.076,0.079
9,0.073,0.081,0.076,0.078
10,0.073,0.079,0.075,0.078
11,0.071,0.079,0.075,0.078
12,0.07,0.079,0.075,0.078
13,0.07,0.079,0.075,0.078
14,0.068,0.079,0.075,0.078
15,0.068,0.076,0.075,0.079
16,0.068,0.075,0.076,0.079
17,0.068,0.075,0.076,0.079
18,0.068,0.075,0.076,0.079
19,0.068,0.076,0.077,0.08
20,0.069,0.076,0.077,0.08
,,,,
M61,,,,
Arcminute,North,East,South,West
0,0.06,0.06,0.06,0.06
1,0.06,0.06,0.06,0.06
2,0.06,0.06,0.06,0.06
3,0.061,0.06,0.06,0.06
4,0.061,0.06,0.06,0.06
5,0.061,0.06,0.06,0.06
6,0.061,0.06,0.06,0.06
7,0.061,0.059,0.058,0.06
8,0.061,0.059,0.057,0.058
9,0.06,0.059,0.057,0.056
10,0.06,0.056,0.055,0.056
11,0.057,0.055,0.052,0.053
12,0.054,0.055,0.052,0.051
13,0.054,0.053,0.049,0.051
14,0.051,0.052,0.048,0.049
15,0.05,0.052,0.048,0.048
16,0.05,0.052,0.046,0.048
17,0.049,0.053,0.045,0.047
18,0.048,0.053,0.045,0.047
19,0.048,0.054,0.045,0.047
20,0.048,0.058,0.045,0.047
,,,,
UGC5055,,,,
Arcminute,North,East,South,West
0,0.091,0.091,0.091,0.091
1,0.091,0.092,0.091,0.091
2,0.09,0.095,0.092,0.088
3,0.09,0.095,0.091,0.086
4,0.088,0.093,0.091,0.082
5,0.085,0.099,0.088,0.077
6,0.085,0.099,0.085,0.073
7,0.075,0.101,0.085,0.072
8,0.07,0.105,0.08,0.069
9,0.068,0.105,0.076,0.065
10,0.063,0.103,0.076,0.056
11,0.055,0.099,0.073,0.057
12,0.055,0.099,0.068,0.054
13,0.053,0.093,0.067,0.052
14,0.051,0.088,0.063,0.052
15,0.051,0.088,0.06,0.051
16,0.049,0.081,0.06,0.052
17,0.049,0.079,0.057,0.053
18,0.049,0.079,0.055,0.055
19,0.049,0.077,0.055,0.056
20,0.052,0.078,0.054,0.057
,,,,
M82,,,,
Arcminute,North,East,South,West
0,0.419,0.419,0.419,0.419
1,0.418,0.406,0.419,0.431
2,0.419,0.406,0.424,0.42
3,0.419,0.398,0.425,0.368
4,0.428,0.374,0.425,0.308
5,0.433,0.374,0.42,0.266
6,0.433,0.36,0.374,0.254
7,0.437,0.338,0.403,0.259
8,0.405,0.338,0.346,0.267
9,0.405,0.309,0.31,0.27
10,0.379,0.293,0.31,0.257
11,0.308,0.284,0.24,0.253
12,0.308,0.243,0.217,0.245
13,0.271,0.203,0.217,0.232
14,0.245,0.203,0.201,0.233
15,0.245,0.169,0.195,0.228
16,0.214,0.156,0.195,0.221
17,0.208,0.156,0.201,0.228
18,0.208,0.151,0.208,0.229
19,0.202,0.142,0.208,0.234
20,0.205,0.142,0.224,0.247
,,,,
2MASXJ03584923-2925086,,,,
Arcminute,North,East,South,West
0,0.025,0.025,0.025,0.025
1,0.026,0.025,0.022,0.025
2,0.026,0.025,0.022,0.025
3,0.025,0.025,0.02,0.023
4,0.025,0.024,0.019,0.023
5,0.025,0.024,0.019,0.023
6,0.025,0.024,0.018,0.023
7,0.024,0.024,0.018,0.022
8,0.024,0.024,0.018,0.022
9,0.024,0.024,0.018,0.022
10,0.024,0.023,0.019,0.022
11,0.024,0.024,0.019,0.021
12,0.023,0.024,0.02,0.021
13,0.023,0.023,0.021,0.021
14,0.023,0.022,0.021,0.021
15,0.021,0.022,0.022,0.022
16,0.021,0.02,0.023,0.022
17,0.021,0.019,0.023,0.022
18,0.021,0.019,0.024,0.022
19,0.021,0.018,0.024,0.024
20,0.021,0.019,0.024,0.024
,,,,
SDSSJ103247.83+041145.5,,,,
Arcminute,North,East,South,West
0,0.124,0.124,0.124,0.124
1,0.124,0.13,0.122,0.124
2,0.129,0.134,0.121,0.12
3,0.127,0.134,0.121,0.117
4,0.127,0.136,0.119,0.117
5,0.129,0.136,0.116,0.11
6,0.128,0.136,0.116,0.107
7,0.128,0.134,0.111,0.107
8,0.126,0.132,0.112,0.107
9,0.117,0.132,0.112,0.107
10,0.117,0.13,0.109,0.107
11,0.111,0.13,0.109,0.108
12,0.104,0.13,0.109,0.11
13,0.104,0.129,0.109,0.11
14,0.101,0.127,0.11,0.11
15,0.096,0.127,0.11,0.112
16,0.096,0.125,0.109,0.112
17,0.095,0.12,0.106,0.113
18,0.093,0.12,0.106,0.114
19,0.093,0.116,0.106,0.114
20,0.093,0.114,0.101,0.116
,,,,
UGC6483,,,,
Arcminute,North,East,South,West
0,0.082,0.082,0.082,0.082
1,0.084,0.084,0.082,0.084
2,0.082,0.08,0.075,0.08
3,0.077,0.078,0.074,0.08
4,0.077,0.078,0.074,0.078
5,0.074,0.072,0.067,0.074
6,0.07,0.072,0.066,0.072
7,0.07,0.072,0.066,0.072
8,0.069,0.072,0.064,0.07
9,0.067,0.073,0.063,0.07
10,0.067,0.073,0.063,0.07
11,0.065,0.073,0.063,0.07
12,0.063,0.073,0.062,0.068
13,0.063,0.073,0.062,0.068
14,0.061,0.073,0.063,0.067
15,0.061,0.072,0.065,0.066
16,0.061,0.072,0.065,0.066
17,0.061,0.072,0.066,0.066
18,0.06,0.072,0.07,0.065
19,0.06,0.072,0.07,0.065
20,0.059,0.071,0.073,0.065
,,,,
ESO287-G40,,,,
Arcminute,North,East,South,West
0,0.077,0.077,0.077,0.077
1,0.077,0.077,0.074,0.077
2,0.076,0.078,0.071,0.07
3,0.074,0.073,0.071,0.069
4,0.074,0.073,0.067,0.066
5,0.071,0.07,0.064,0.066
6,0.067,0.066,0.064,0.065
7,0.067,0.066,0.064,0.066
8,0.065,0.065,0.063,0.066
9,0.064,0.065,0.063,0.068
10,0.064,0.065,0.065,0.069
11,0.062,0.064,0.067,0.071
12,0.062,0.064,0.067,0.073
13,0.062,0.064,0.07,0.074
14,0.061,0.064,0.074,0.077
15,0.062,0.064,0.074,0.077
16,0.062,0.064,0.076,0.076
17,0.063,0.063,0.076,0.075
18,0.064,0.062,0.076,0.074
19,0.064,0.062,0.073,0.073
20,0.063,0.063,0.071,0.072
,,,,
M74,,,,
Arcminute,North,East,South,West
0,0.188,0.188,0.188,0.188
1,0.189,0.187,0.188,0.19
2,0.189,0.187,0.188,0.19
3,0.189,0.186,0.187,0.192
4,0.191,0.185,0.187,0.196
5,0.191,0.186,0.187,0.196
6,0.191,0.185,0.183,0.2
7,0.191,0.181,0.183,0.2
8,0.189,0.181,0.181,0.2
9,0.189,0.176,0.175,0.192
10,0.182,0.171,0.175,0.19
11,0.18,0.171,0.171,0.182
12,0.177,0.166,0.167,0.182
13,0.177,0.16,0.167,0.185
14,0.176,0.16,0.164,0.176
15,0.175,0.16,0.154,0.176
16,0.175,0.16,0.154,0.177
17,0.175,0.161,0.152,0.172
18,0.176,0.161,0.147,0.172
19,0.176,0.167,0.147,0.17
20,0.177,0.17,0.145,0.169
,,,,
SDSSJ161609.48+383245.0,,,,
Arcminute,North,East,South,West
0,0.043,0.043,0.043,0.043
1,0.043,0.043,0.044,0.044
2,0.04,0.043,0.045,0.042
3,0.038,0.038,0.045,0.039
4,0.038,0.038,0.045,0.037
5,0.033,0.037,0.045,0.037
6,0.031,0.032,0.045,0.035
7,0.031,0.032,0.044,0.035
8,0.031,0.032,0.043,0.035
9,0.029,0.032,0.043,0.036
10,0.029,0.032,0.043,0.037
11,0.028,0.032,0.042,0.04
12,0.027,0.03,0.042,0.04
13,0.027,0.03,0.042,0.043
14,0.026,0.03,0.042,0.043
15,0.025,0.031,0.042,0.043
16,0.025,0.033,0.042,0.041
17,0.023,0.033,0.042,0.039
18,0.022,0.032,0.042,0.038
19,0.022,0.031,0.042,0.038
20,0.021,0.031,0.042,0.038
,,,,
NGC4038,,,,
Arcminute,North,East,South,West
0,0.124,0.124,0.124,0.124
1,0.124,0.124,0.124,0.124
2,0.125,0.124,0.124,0.124
3,0.125,0.124,0.125,0.123
4,0.125,0.125,0.125,0.12
5,0.125,0.125,0.126,0.12
6,0.125,0.126,0.126,0.116
7,0.124,0.126,0.126,0.113
8,0.122,0.126,0.126,0.111
9,0.122,0.124,0.126,0.111
10,0.12,0.123,0.126,0.108
11,0.116,0.123,0.118,0.107
12,0.116,0.119,0.114,0.107
13,0.114,0.118,0.114,0.107
14,0.114,0.118,0.109,0.107
15,0.114,0.116,0.107,0.107
16,0.113,0.116,0.107,0.108
17,0.112,0.116,0.105,0.108
18,0.112,0.117,0.104,0.108
19,0.111,0.117,0.104,0.108
20,0.111,0.117,0.104,0.107
,,,,
UGC10685,,,,
Arcminute,North,East,South,West
0,0.269,0.269,0.269,0.269
1,0.269,0.275,0.266,0.269
2,0.276,0.276,0.258,0.265
3,0.275,0.276,0.258,0.254
4,0.275,0.275,0.249,0.254
5,0.271,0.269,0.239,0.25
6,0.269,0.269,0.239,0.239
7,0.269,0.27,0.232,0.239
8,0.258,0.266,0.228,0.234
9,0.254,0.266,0.228,0.225
10,0.254,0.258,0.227,0.225
11,0.244,0.253,0.226,0.223
12,0.244,0.253,0.226,0.222
13,0.244,0.252,0.226,0.22
14,0.245,0.253,0.225,0.22
15,0.246,0.253,0.225,0.218
16,0.246,0.251,0.224,0.218
17,0.248,0.25,0.22,0.218
18,0.249,0.25,0.22,0.22
19,0.249,0.25,0.219,0.222
20,0.249,0.247,0.218,0.222
,,,,
ESO138-G10,,,,
Arcminute,North,East,South,West
0,0.591,0.591,0.591,0.591
1,0.591,0.591,0.592,0.581
2,0.591,0.589,0.585,0.574
3,0.592,0.587,0.585,0.553
4,0.592,0.589,0.586,0.52
5,0.595,0.581,0.586,0.493
6,0.594,0.571,0.586,0.476
7,0.594,0.571,0.582,0.46
8,0.59,0.55,0.57,0.46
9,0.576,0.535,0.57,0.468
10,0.576,0.535,0.564,0.488
11,0.563,0.52,0.532,0.496
12,0.54,0.49,0.532,0.493
13,0.54,0.49,0.518,0.504
14,0.532,0.475,0.488,0.513
15,0.508,0.46,0.499,0.516
16,0.508,0.46,0.49,0.517
17,0.502,0.448,0.49,0.506
18,0.492,0.438,0.481,0.5
19,0.492,0.438,0.481,0.482
20,0.484,0.436,0.481,0.474
,,,,
NGC1365 ,,,,
Arcminute,North,East,South,West
0,0.055,0.055,0.055,0.055
1,0.055,0.055,0.055,0.055
2,0.055,0.055,0.055,0.055
3,0.056,0.054,0.055,0.054
4,0.056,0.053,0.055,0.054
5,0.057,0.053,0.053,0.053
6,0.06,0.051,0.053,0.049
7,0.06,0.047,0.049,0.046
8,0.061,0.047,0.047,0.039
9,0.06,0.042,0.047,0.036
10,0.06,0.04,0.04,0.036
11,0.054,0.04,0.039,0.034
12,0.053,0.035,0.039,0.032
13,0.053,0.034,0.039,0.032
14,0.048,0.034,0.038,0.031
15,0.047,0.032,0.038,0.031
16,0.047,0.03,0.037,0.031
17,0.044,0.03,0.036,0.029
18,0.043,0.028,0.036,0.028
19,0.042,0.027,0.036,0.026
20,0.042,0.027,0.034,0.026
,,,,
PGC83768,,,,
Arcminute,North,East,South,West
0,0.029,0.029,0.029,0.029
1,0.03,0.029,0.028,0.028
2,0.03,0.029,0.028,0.027
3,0.03,0.029,0.028,0.026
4,0.031,0.029,0.025,0.026
5,0.031,0.028,0.025,0.025
6,0.032,0.028,0.024,0.025
7,0.031,0.028,0.023,0.023
8,0.031,0.027,0.023,0.023
9,0.028,0.026,0.023,0.022
10,0.026,0.026,0.024,0.02
11,0.026,0.026,0.024,0.02
12,0.024,0.024,0.024,0.02
13,0.023,0.024,0.025,0.019
14,0.023,0.023,0.025,0.018
15,0.022,0.023,0.025,0.018
16,0.023,0.023,0.026,0.018
17,0.023,0.024,0.026,0.019
18,0.023,0.025,0.024,0.02
19,0.022,0.025,0.024,0.021
20,0.022,0.026,0.024,0.021
,,,,
UGC8713 ,,,,
Arcminute,North,East,South,West
0,0.057,0.057,0.057,0.057
1,0.057,0.056,0.057,0.057
2,0.058,0.056,0.056,0.056
3,0.059,0.056,0.056,0.057
4,0.059,0.055,0.056,0.056
5,0.06,0.053,0.056,0.055
6,0.061,0.053,0.056,0.055
7,0.061,0.051,0.056,0.053
8,0.062,0.051,0.055,0.052
9,0.06,0.051,0.052,0.051
10,0.06,0.051,0.052,0.049
11,0.06,0.051,0.051,0.049
12,0.06,0.051,0.048,0.049
13,0.06,0.052,0.048,0.047
14,0.059,0.053,0.047,0.046
15,0.059,0.053,0.044,0.045
16,0.059,0.053,0.044,0.044
17,0.058,0.053,0.043,0.044
18,0.056,0.053,0.042,0.046
19,0.056,0.053,0.042,0.048
20,0.054,0.053,0.041,0.052
,,,,
PGC29010 ,,,,
Arcminute,North,East,South,West
0,0.041,0.041,0.041,0.041
1,0.041,0.042,0.042,0.039
2,0.041,0.043,0.038,0.036
3,0.033,0.041,0.038,0.036
4,0.033,0.04,0.036,0.036
5,0.031,0.04,0.033,0.032
6,0.03,0.038,0.033,0.032
7,0.03,0.038,0.033,0.03
8,0.027,0.038,0.034,0.03
9,0.028,0.037,0.034,0.03
10,0.028,0.038,0.037,0.03
11,0.029,0.038,0.037,0.029
12,0.029,0.038,0.037,0.029
13,0.029,0.038,0.035,0.03
14,0.03,0.038,0.036,0.029
15,0.031,0.037,0.035,0.031
16,0.031,0.035,0.035,0.031
17,0.03,0.035,0.034,0.033
18,0.032,0.035,0.034,0.033
19,0.032,0.034,0.034,0.034
20,0.033,0.034,0.032,0.034
,,,,
UGC5460 ,,,,
Arcminute,North,East,South,West
0,0.029,0.029,0.029,0.029
1,0.027,0.027,0.025,0.028
2,0.027,0.027,0.025,0.027
3,0.026,0.023,0.023,0.025
4,0.021,0.02,0.02,0.024
5,0.021,0.02,0.02,0.024
6,0.019,0.018,0.018,0.026
7,0.017,0.017,0.017,0.026
8,0.017,0.017,0.017,0.028
9,0.016,0.017,0.017,0.029
10,0.016,0.017,0.017,0.029
11,0.016,0.017,0.017,0.029
12,0.017,0.017,0.018,0.028
13,0.018,0.017,0.019,0.027
14,0.018,0.017,0.019,0.027
15,0.018,0.017,0.02,0.027
16,0.018,0.018,0.02,0.028
17,0.018,0.018,0.02,0.028
18,0.017,0.02,0.02,0.029
19,0.017,0.021,0.019,0.029
20,0.017,0.021,0.019,0.029
,,,,
IC5267,,,,
Arcminute,North,East,South,West
0,0.033,0.033,0.033,0.033
1,0.033,0.034,0.034,0.033
2,0.033,0.034,0.034,0.033
3,0.032,0.034,0.034,0.033
4,0.032,0.032,0.033,0.033
5,0.031,0.031,0.033,0.033
6,0.028,0.031,0.033,0.033
7,0.028,0.028,0.031,0.034
8,0.027,0.027,0.031,0.035
9,0.023,0.027,0.03,0.037
10,0.023,0.026,0.03,0.037
11,0.023,0.025,0.03,0.038
12,0.022,0.025,0.029,0.037
13,0.022,0.025,0.029,0.037
14,0.023,0.025,0.028,0.036
15,0.023,0.025,0.027,0.036
16,0.023,0.025,0.027,0.035
17,0.024,0.025,0.027,0.035
18,0.025,0.025,0.028,0.035
19,0.025,0.025,0.029,0.036
20,0.025,0.025,0.03,0.036
,,,,
PGC2692384,,,,
Arcminute,North,East,South,West
0,0.206,0.206,0.206,0.206
1,0.212,0.206,0.203,0.208
2,0.212,0.203,0.203,0.211
3,0.211,0.203,0.193,0.206
4,0.208,0.203,0.18,0.2
5,0.208,0.203,0.18,0.186
6,0.207,0.203,0.175,0.175
7,0.206,0.2,0.171,0.162
8,0.206,0.2,0.171,0.155
9,0.199,0.201,0.166,0.151
10,0.194,0.201,0.165,0.151
11,0.191,0.203,0.165,0.145
12,0.187,0.204,0.163,0.139
13,0.183,0.204,0.161,0.137
14,0.183,0.204,0.161,0.135
15,0.179,0.206,0.16,0.135
16,0.177,0.206,0.159,0.135
17,0.177,0.21,0.159,0.129
18,0.177,0.21,0.158,0.125
19,0.175,0.21,0.158,0.122
20,0.175,0.205,0.158,0.121
,,,,
NGC918  ,,,,
Arcminute,North,East,South,West
0,0.945,0.945,0.945,0.945
1,0.958,0.938,0.947,0.984
2,0.958,0.91,0.947,0.984
3,0.956,0.91,0.895,0.996
4,0.947,0.89,0.873,1.059
5,0.947,0.87,0.873,1.059
6,0.94,0.87,0.815,1.067
7,0.902,0.838,0.797,1.069
8,0.902,0.818,0.797,1.069
9,0.862,0.818,0.749,1.029
10,0.843,0.778,0.733,0.993
11,0.843,0.763,0.733,0.915
12,0.827,0.763,0.705,0.915
13,0.797,0.738,0.699,0.86
14,0.797,0.731,0.699,0.799
15,0.792,0.731,0.681,0.799
16,0.789,0.719,0.666,0.75
17,0.789,0.711,0.667,0.715
18,0.774,0.711,0.658,0.684
19,0.765,0.695,0.642,0.684
20,0.765,0.69,0.642,0.672
,,,,
NGC3613 ,,,,
Arcminute,North,East,South,West
0,0.033,0.033,0.033,0.033
1,0.033,0.032,0.033,0.033
2,0.033,0.032,0.033,0.031
3,0.032,0.031,0.033,0.031
4,0.032,0.029,0.032,0.031
5,0.032,0.029,0.033,0.032
6,0.032,0.028,0.033,0.034
7,0.032,0.026,0.036,0.033
8,0.03,0.026,0.037,0.033
9,0.029,0.026,0.037,0.031
10,0.029,0.026,0.037,0.029
11,0.029,0.026,0.035,0.029
12,0.027,0.026,0.035,0.029
13,0.027,0.026,0.035,0.03
14,0.026,0.026,0.035,0.031
15,0.026,0.026,0.035,0.032
16,0.026,0.027,0.032,0.034
17,0.026,0.027,0.03,0.034
18,0.027,0.027,0.03,0.033
19,0.027,0.027,0.027,0.032
20,0.027,0.027,0.027,0.031
,,,,
UGC12640,,,,
Arcminute,North,East,South,West
0,0.184,0.184,0.184,0.184
1,0.185,0.182,0.184,0.184
2,0.185,0.18,0.182,0.183
3,0.185,0.18,0.174,0.183
4,0.18,0.171,0.174,0.183
5,0.179,0.165,0.173,0.184
6,0.179,0.165,0.169,0.184
7,0.173,0.163,0.169,0.184
8,0.169,0.164,0.167,0.182
9,0.169,0.164,0.165,0.176
10,0.158,0.165,0.165,0.171
11,0.154,0.167,0.163,0.171
12,0.154,0.167,0.159,0.171
13,0.147,0.168,0.159,0.165
14,0.142,0.17,0.157,0.165
15,0.142,0.17,0.158,0.166
16,0.142,0.17,0.158,0.168
17,0.141,0.17,0.158,0.168
18,0.141,0.17,0.16,0.164
19,0.142,0.173,0.16,0.154
20,0.143,0.174,0.161,0.149
,,,,
UGC11501,,,,
Arcminute,North,East,South,West
0,0.462,0.462,0.462,0.462
1,0.462,0.462,0.492,0.466
2,0.43,0.455,0.518,0.454
3,0.394,0.43,0.518,0.454
4,0.394,0.43,0.529,0.447
5,0.374,0.419,0.54,0.417
6,0.355,0.393,0.54,0.417
7,0.355,0.393,0.54,0.403
8,0.349,0.383,0.528,0.383
9,0.345,0.367,0.528,0.383
10,0.345,0.367,0.517,0.376
11,0.339,0.355,0.504,0.374
12,0.341,0.347,0.504,0.374
13,0.341,0.347,0.498,0.376
14,0.343,0.338,0.491,0.377
15,0.342,0.335,0.491,0.377
16,0.342,0.335,0.486,0.378
17,0.349,0.331,0.479,0.377
18,0.355,0.331,0.479,0.377
19,0.355,0.331,0.473,0.376
20,0.358,0.331,0.466,0.373
,,,,
M51     ,,,,
Arcminute,North,East,South,West
0,0.094,0.094,0.094,0.094
1,0.093,0.094,0.096,0.094
2,0.093,0.094,0.096,0.093
3,0.093,0.094,0.102,0.093
4,0.095,0.095,0.105,0.091
5,0.095,0.095,0.105,0.088
6,0.096,0.089,0.113,0.081
7,0.096,0.086,0.111,0.072
8,0.096,0.086,0.111,0.072
9,0.095,0.076,0.092,0.072
10,0.08,0.067,0.081,0.072
11,0.08,0.067,0.081,0.072
12,0.069,0.062,0.066,0.072
13,0.063,0.056,0.062,0.068
14,0.063,0.056,0.062,0.066
15,0.057,0.054,0.055,0.064
16,0.054,0.053,0.049,0.061
17,0.054,0.053,0.049,0.06
18,0.053,0.053,0.046,0.06
19,0.053,0.052,0.046,0.06
20,0.053,0.052,0.046,0.06
,,,,
IC5249  ,,,,
Arcminute,North,East,South,West
0,0.092,0.092,0.092,0.092
1,0.09,0.088,0.093,0.095
2,0.09,0.088,0.093,0.094
3,0.088,0.085,0.094,0.091
4,0.086,0.082,0.094,0.092
5,0.086,0.082,0.093,0.092
6,0.085,0.081,0.093,0.092
7,0.085,0.08,0.091,0.092
8,0.085,0.08,0.089,0.091
9,0.085,0.079,0.089,0.087
10,0.085,0.078,0.089,0.083
11,0.085,0.078,0.088,0.082
12,0.085,0.077,0.086,0.082
13,0.085,0.075,0.085,0.081
14,0.084,0.075,0.085,0.078
15,0.083,0.074,0.085,0.077
16,0.083,0.072,0.085,0.078
17,0.083,0.072,0.086,0.081
18,0.082,0.071,0.086,0.082
19,0.082,0.069,0.087,0.082
20,0.082,0.069,0.087,0.081
,,,,
NGC2315 ,,,,
Arcminute,North,East,South,West
0,0.226,0.226,0.226,0.226
1,0.224,0.226,0.226,0.225
2,0.222,0.22,0.221,0.216
3,0.222,0.215,0.217,0.215
4,0.215,0.215,0.217,0.202
5,0.205,0.21,0.216,0.201
6,0.205,0.201,0.218,0.202
7,0.196,0.201,0.218,0.2
8,0.19,0.198,0.221,0.201
9,0.19,0.19,0.226,0.2
10,0.185,0.19,0.226,0.199
11,0.179,0.189,0.228,0.198
12,0.179,0.185,0.229,0.199
13,0.176,0.185,0.229,0.198
14,0.176,0.184,0.228,0.2
15,0.176,0.183,0.225,0.204
16,0.174,0.183,0.225,0.204
17,0.173,0.181,0.221,0.211
18,0.173,0.18,0.215,0.211
19,0.173,0.18,0.215,0.215
20,0.172,0.178,0.209,0.215
,,,,
MCG-02-24-027 ,,,,
Arcminute,North,East,South,West
0,0.188,0.188,0.188,0.188
1,0.191,0.188,0.188,0.185
2,0.188,0.188,0.187,0.183
3,0.188,0.185,0.176,0.183
4,0.183,0.185,0.176,0.178
5,0.176,0.181,0.174,0.175
6,0.176,0.179,0.17,0.175
7,0.171,0.179,0.17,0.172
8,0.166,0.176,0.174,0.171
9,0.166,0.176,0.176,0.171
10,0.167,0.176,0.176,0.173
11,0.16,0.177,0.179,0.176
12,0.16,0.178,0.183,0.177
13,0.167,0.178,0.183,0.177
14,0.158,0.178,0.182,0.178
15,0.158,0.181,0.18,0.178
16,0.159,0.181,0.18,0.178
17,0.151,0.181,0.175,0.178
18,0.151,0.182,0.172,0.177
19,0.151,0.182,0.172,0.177
20,0.148,0.18,0.167,0.176
,,,,
NGC3184 ,,,,
Arcminute,North,East,South,West
0,0.045,0.045,0.045,0.045
1,0.045,0.045,0.045,0.045
2,0.045,0.045,0.045,0.045
3,0.045,0.046,0.045,0.045
4,0.044,0.046,0.045,0.046
5,0.044,0.046,0.045,0.046
6,0.043,0.046,0.044,0.047
7,0.043,0.046,0.041,0.047
8,0.043,0.045,0.041,0.048
9,0.043,0.045,0.04,0.048
10,0.043,0.045,0.037,0.046
11,0.043,0.042,0.038,0.045
12,0.044,0.041,0.036,0.044
13,0.044,0.041,0.036,0.044
14,0.044,0.038,0.036,0.043
15,0.044,0.037,0.036,0.043
16,0.042,0.037,0.037,0.044
17,0.042,0.036,0.037,0.046
18,0.042,0.034,0.036,0.046
19,0.041,0.034,0.035,0.047
20,0.041,0.034,0.035,0.048
,,,,
NGC5177 ,,,,
Arcminute,North,East,South,West
0,0.093,0.093,0.093,0.093
1,0.093,0.093,0.091,0.09
2,0.092,0.092,0.089,0.088
3,0.091,0.089,0.089,0.088
4,0.091,0.089,0.087,0.085
5,0.091,0.083,0.084,0.083
6,0.095,0.08,0.084,0.083
7,0.095,0.08,0.082,0.084
8,0.098,0.075,0.081,0.082
9,0.101,0.073,0.081,0.082
10,0.101,0.073,0.078,0.084
11,0.104,0.071,0.077,0.085
12,0.107,0.071,0.077,0.085
13,0.107,0.071,0.075,0.085
14,0.107,0.069,0.073,0.085
15,0.107,0.068,0.073,0.088
16,0.107,0.068,0.071,0.088
17,0.108,0.067,0.069,0.088
18,0.106,0.067,0.069,0.09
19,0.106,0.067,0.067,0.09
20,0.106,0.067,0.067,0.089
,,,,
PGC68345 ,,,,
Arcminute,North,East,South,West
0,0.075,0.075,0.075,0.075
1,0.074,0.071,0.071,0.072
2,0.074,0.071,0.071,0.069
3,0.07,0.069,0.067,0.069
4,0.064,0.065,0.064,0.06
5,0.064,0.065,0.064,0.058
6,0.059,0.064,0.061,0.055
7,0.053,0.063,0.06,0.055
8,0.053,0.063,0.06,0.055
9,0.053,0.062,0.06,0.056
10,0.053,0.062,0.058,0.057
11,0.053,0.062,0.058,0.057
12,0.054,0.065,0.058,0.057
13,0.054,0.066,0.057,0.058
14,0.054,0.066,0.057,0.058
15,0.054,0.067,0.058,0.058
16,0.054,0.066,0.058,0.058
17,0.054,0.066,0.058,0.059
18,0.054,0.064,0.059,0.059
19,0.054,0.06,0.058,0.059
20,0.054,0.06,0.058,0.061
,,,,
NGC2357 ,,,,
Arcminute,North,East,South,West
0,0.178,0.178,0.178,0.178
1,0.177,0.179,0.178,0.178
2,0.175,0.182,0.178,0.176
3,0.175,0.182,0.178,0.173
4,0.172,0.181,0.178,0.17
5,0.167,0.181,0.177,0.17
6,0.167,0.181,0.175,0.165
7,0.159,0.182,0.178,0.16
8,0.152,0.175,0.175,0.16
9,0.152,0.175,0.172,0.154
10,0.147,0.177,0.172,0.151
11,0.143,0.172,0.168,0.146
12,0.143,0.172,0.163,0.146
13,0.138,0.172,0.163,0.145
14,0.137,0.169,0.16,0.144
15,0.137,0.169,0.157,0.144
16,0.137,0.171,0.157,0.144
17,0.137,0.17,0.155,0.147
18,0.137,0.17,0.152,0.148
19,0.137,0.172,0.152,0.151
20,0.138,0.173,0.15,0.151
,,,,
NGC4214 ,,,,
Arcminute,North,East,South,West
0,0.059,0.059,0.059,0.059
1,0.059,0.058,0.059,0.059
2,0.059,0.058,0.059,0.059
3,0.059,0.058,0.059,0.059
4,0.06,0.057,0.057,0.06
5,0.06,0.056,0.057,0.061
6,0.06,0.056,0.057,0.063
7,0.062,0.053,0.054,0.064
8,0.062,0.049,0.054,0.064
9,0.063,0.049,0.053,0.064
10,0.064,0.047,0.05,0.064
11,0.064,0.045,0.05,0.062
12,0.063,0.045,0.049,0.061
13,0.063,0.044,0.046,0.061
14,0.063,0.042,0.046,0.061
15,0.062,0.042,0.043,0.06
16,0.062,0.041,0.04,0.059
17,0.062,0.04,0.04,0.059
18,0.061,0.04,0.04,0.059
19,0.06,0.039,0.039,0.059
20,0.06,0.038,0.039,0.058
,,,,
NGC3690 ,,,,
Arcminute,North,East,South,West
0,0.045,0.045,0.045,0.045
1,0.045,0.045,0.045,0.045
2,0.045,0.045,0.045,0.045
3,0.044,0.045,0.046,0.044
4,0.045,0.045,0.046,0.043
5,0.045,0.045,0.046,0.04
6,0.045,0.045,0.047,0.037
7,0.044,0.045,0.046,0.035
8,0.044,0.045,0.046,0.034
9,0.044,0.044,0.045,0.034
10,0.043,0.043,0.043,0.034
11,0.043,0.043,0.043,0.035
12,0.042,0.04,0.042,0.036
13,0.042,0.038,0.042,0.038
14,0.042,0.038,0.042,0.038
15,0.043,0.035,0.042,0.037
16,0.044,0.034,0.041,0.036
17,0.044,0.034,0.041,0.033
18,0.043,0.032,0.042,0.032
19,0.042,0.03,0.042,0.03
20,0.042,0.03,0.042,0.029
,,,,
MCG+10-19-1,,,,
Arcminute,North,East,South,West
0,0.032,0.032,0.032,0.032
1,0.032,0.03,0.029,0.031
2,0.032,0.03,0.029,0.031
3,0.031,0.028,0.027,0.03
4,0.03,0.026,0.025,0.028
5,0.03,0.026,0.025,0.028
6,0.028,0.025,0.024,0.024
7,0.028,0.023,0.024,0.023
8,0.028,0.023,0.024,0.023
9,0.026,0.022,0.024,0.023
10,0.025,0.022,0.023,0.025
11,0.025,0.022,0.023,0.026
12,0.024,0.022,0.022,0.028
13,0.023,0.022,0.021,0.029
14,0.023,0.022,0.021,0.028
15,0.023,0.021,0.021,0.028
16,0.023,0.022,0.021,0.026
17,0.023,0.022,0.021,0.025
18,0.023,0.021,0.022,0.024
19,0.023,0.021,0.022,0.023
20,0.023,0.021,0.022,0.023
,,,,
IC1320  ,,,,
Arcminute,North,East,South,West
0,0.361,0.361,0.361,0.361
1,0.366,0.361,0.361,0.358
2,0.363,0.361,0.356,0.356
3,0.363,0.359,0.344,0.356
4,0.362,0.359,0.344,0.348
5,0.353,0.362,0.335,0.343
6,0.353,0.364,0.327,0.343
7,0.349,0.364,0.327,0.34
8,0.346,0.362,0.311,0.333
9,0.346,0.358,0.31,0.333
10,0.344,0.358,0.309,0.33
11,0.342,0.348,0.309,0.326
12,0.342,0.342,0.309,0.326
13,0.338,0.342,0.307,0.325
14,0.332,0.337,0.307,0.324
15,0.332,0.322,0.306,0.324
16,0.327,0.322,0.306,0.327
17,0.314,0.315,0.306,0.329
18,0.314,0.301,0.309,0.329
19,0.302,0.301,0.305,0.336
20,0.297,0.297,0.305,0.34
,,,,
NGC7259,,,,
Arcminute,North,East,South,West
0,0.055,0.055,0.055,0.055
1,0.055,0.054,0.052,0.051
2,0.052,0.054,0.049,0.051
3,0.05,0.053,0.049,0.049
4,0.05,0.049,0.044,0.044
5,0.046,0.049,0.043,0.043
6,0.045,0.047,0.043,0.043
7,0.045,0.044,0.042,0.043
8,0.044,0.044,0.043,0.043
9,0.045,0.044,0.043,0.043
10,0.045,0.043,0.044,0.043
11,0.045,0.043,0.046,0.043
12,0.045,0.043,0.046,0.044
13,0.045,0.042,0.047,0.045
14,0.045,0.042,0.047,0.046
15,0.045,0.041,0.047,0.046
16,0.045,0.041,0.049,0.047
17,0.046,0.041,0.051,0.047
18,0.048,0.04,0.051,0.046
19,0.048,0.04,0.052,0.046
20,0.049,0.04,0.053,0.045
,,,,
M66  ,,,,
Arcminute,North,East,South,West
0,0.09,0.09,0.09,0.09
1,0.087,0.09,0.09,0.089
2,0.087,0.09,0.093,0.089
3,0.087,0.089,0.098,0.087
4,0.087,0.09,0.098,0.086
5,0.084,0.09,0.098,0.086
6,0.084,0.087,0.093,0.083
7,0.083,0.082,0.093,0.078
8,0.076,0.082,0.085,0.076
9,0.076,0.081,0.076,0.076
10,0.073,0.081,0.076,0.072
11,0.065,0.081,0.072,0.07
12,0.065,0.079,0.07,0.07
13,0.064,0.076,0.07,0.069
14,0.063,0.076,0.07,0.067
15,0.063,0.074,0.07,0.067
16,0.064,0.074,0.07,0.066
17,0.065,0.074,0.075,0.066
18,0.065,0.072,0.078,0.066
19,0.067,0.068,0.078,0.065
20,0.069,0.068,0.083,0.064
,,,,
NGC134,,,,
Arcminute,North,East,South,West
0,0.049,0.049,0.049,0.049
1,0.05,0.048,0.048,0.049
2,0.05,0.048,0.048,0.051
3,0.052,0.048,0.046,0.056
4,0.054,0.047,0.044,0.058
5,0.054,0.046,0.043,0.066
6,0.054,0.046,0.04,0.066
7,0.053,0.045,0.039,0.066
8,0.053,0.04,0.039,0.06
9,0.047,0.04,0.039,0.057
10,0.04,0.037,0.038,0.047
11,0.04,0.034,0.038,0.047
12,0.036,0.034,0.036,0.042
13,0.035,0.032,0.034,0.034
14,0.035,0.029,0.034,0.033
15,0.033,0.029,0.031,0.031
16,0.032,0.029,0.027,0.031
17,0.032,0.029,0.027,0.029
18,0.032,0.028,0.027,0.028
19,0.03,0.029,0.026,0.028
20,0.03,0.029,0.026,0.028
,,,,
UGC10064,,,,
Arcminute,North,East,South,West
0,0.187,0.187,0.187,0.187
1,0.188,0.184,0.183,0.187
2,0.188,0.184,0.183,0.186
3,0.192,0.183,0.18,0.186
4,0.192,0.181,0.177,0.186
5,0.192,0.181,0.177,0.183
6,0.191,0.177,0.175,0.182
7,0.188,0.175,0.175,0.182
8,0.188,0.175,0.175,0.175
9,0.18,0.174,0.174,0.171
10,0.173,0.17,0.175,0.167
11,0.165,0.17,0.175,0.167
12,0.165,0.167,0.175,0.164
13,0.157,0.167,0.175,0.16
14,0.15,0.167,0.175,0.16
15,0.15,0.164,0.171,0.16
16,0.146,0.163,0.167,0.161
17,0.145,0.163,0.167,0.162
18,0.145,0.163,0.164,0.166
19,0.139,0.166,0.161,0.166
20,0.137,0.166,0.161,0.168
,,,,
NGC2789 ,,,,
Arcminute,North,East,South,West
0,0.07,0.07,0.07,0.07
1,0.069,0.07,0.07,0.069
2,0.07,0.069,0.07,0.069
3,0.07,0.068,0.07,0.068
4,0.07,0.068,0.071,0.068
5,0.07,0.067,0.07,0.068
6,0.069,0.066,0.07,0.067
7,0.069,0.066,0.069,0.065
8,0.069,0.064,0.068,0.064
9,0.067,0.064,0.068,0.064
10,0.067,0.064,0.067,0.061
11,0.067,0.064,0.066,0.06
12,0.067,0.063,0.066,0.06
13,0.067,0.063,0.066,0.06
14,0.067,0.062,0.066,0.06
15,0.067,0.06,0.066,0.061
16,0.067,0.06,0.066,0.06
17,0.067,0.059,0.066,0.059
18,0.065,0.058,0.066,0.059
19,0.065,0.058,0.066,0.057
20,0.065,0.058,0.066,0.057
,,,,
NGC6479 ,,,,
Arcminute,North,East,South,West
0,0.115,0.115,0.115,0.115
1,0.116,0.11,0.108,0.113
2,0.115,0.11,0.108,0.109
3,0.115,0.108,0.105,0.104
4,0.109,0.101,0.102,0.101
5,0.101,0.101,0.102,0.098
6,0.101,0.1,0.101,0.096
7,0.097,0.098,0.102,0.095
8,0.093,0.098,0.102,0.095
9,0.093,0.098,0.103,0.094
10,0.089,0.097,0.104,0.094
11,0.088,0.097,0.104,0.093
12,0.088,0.097,0.105,0.091
13,0.088,0.097,0.105,0.091
14,0.091,0.099,0.105,0.092
15,0.091,0.099,0.105,0.092
16,0.092,0.1,0.105,0.094
17,0.092,0.105,0.105,0.094
18,0.092,0.105,0.104,0.095
19,0.091,0.106,0.105,0.096
20,0.09,0.111,0.105,0.097
,,,,
NGC4303,,,,
Arcminute,North,East,South,West
0,0.06,0.06,0.06,0.06
1,0.06,0.06,0.06,0.06
2,0.06,0.06,0.06,0.06
3,0.061,0.06,0.06,0.06
4,0.061,0.06,0.06,0.06
5,0.061,0.06,0.06,0.06
6,0.061,0.06,0.06,0.06
7,0.061,0.059,0.058,0.06
8,0.061,0.059,0.057,0.058
9,0.06,0.059,0.057,0.056
10,0.06,0.056,0.055,0.056
11,0.057,0.055,0.052,0.053
12,0.054,0.055,0.052,0.051
13,0.054,0.053,0.049,0.051
14,0.051,0.052,0.048,0.049
15,0.05,0.052,0.048,0.048
16,0.05,0.052,0.046,0.048
17,0.049,0.053,0.045,0.047
18,0.048,0.053,0.045,0.047
19,0.048,0.054,0.045,0.047
20,0.048,0.058,0.045,0.047
,,,,
UGC10214 ,,,,
Arcminute,North,East,South,West
0,0.025,0.025,0.025,0.025
1,0.025,0.025,0.023,0.022
2,0.025,0.023,0.023,0.022
3,0.025,0.022,0.021,0.02
4,0.023,0.022,0.023,0.021
5,0.023,0.02,0.023,0.02
6,0.022,0.02,0.024,0.02
7,0.02,0.02,0.025,0.023
8,0.02,0.019,0.025,0.025
9,0.018,0.02,0.025,0.026
10,0.018,0.02,0.023,0.027
11,0.018,0.021,0.023,0.025
12,0.018,0.022,0.022,0.025
13,0.018,0.022,0.02,0.022
14,0.018,0.023,0.02,0.02
15,0.019,0.024,0.018,0.019
16,0.019,0.024,0.017,0.019
17,0.019,0.024,0.017,0.019
18,0.02,0.027,0.016,0.019
19,0.02,0.027,0.016,0.019
20,0.02,0.028,0.016,0.018
,,,,
NGC634  ,,,,
Arcminute,North,East,South,West
0,0.145,0.145,0.145,0.145
1,0.145,0.139,0.144,0.141
2,0.145,0.139,0.144,0.134
3,0.136,0.135,0.139,0.123
4,0.13,0.123,0.134,0.123
5,0.13,0.123,0.134,0.12
6,0.125,0.12,0.133,0.115
7,0.122,0.117,0.129,0.115
8,0.122,0.117,0.128,0.114
9,0.122,0.115,0.125,0.114
10,0.124,0.115,0.119,0.114
11,0.124,0.115,0.119,0.114
12,0.127,0.115,0.118,0.114
13,0.129,0.115,0.116,0.117
14,0.129,0.115,0.116,0.12
15,0.131,0.114,0.115,0.12
16,0.132,0.114,0.116,0.126
17,0.132,0.114,0.116,0.128
18,0.131,0.114,0.116,0.129
19,0.131,0.113,0.117,0.128
20,0.131,0.113,0.117,0.128
,,,,
Arp244  ,,,,
Arcminute,North,East,South,West
0,0.124,0.124,0.124,0.124
1,0.124,0.124,0.124,0.124
2,0.124,0.124,0.124,0.124
3,0.125,0.124,0.125,0.123
4,0.125,0.125,0.126,0.12
5,0.125,0.125,0.126,0.12
6,0.125,0.126,0.126,0.116
7,0.124,0.126,0.126,0.113
8,0.124,0.126,0.126,0.113
9,0.122,0.124,0.126,0.111
10,0.12,0.123,0.118,0.108
11,0.12,0.119,0.118,0.107
12,0.116,0.119,0.114,0.107
13,0.114,0.118,0.109,0.107
14,0.114,0.116,0.109,0.107
15,0.114,0.116,0.107,0.107
16,0.113,0.116,0.105,0.108
17,0.113,0.117,0.105,0.108
18,0.112,0.117,0.104,0.107
19,0.111,0.117,0.104,0.107
20,0.111,0.118,0.104,0.106
,,,,
UGC12846 ,,,,
Arcminute,North,East,South,West
0,0.1,0.1,0.1,0.1
1,0.1,0.099,0.101,0.1
2,0.1,0.095,0.099,0.102
3,0.099,0.095,0.099,0.102
4,0.099,0.092,0.1,0.102
5,0.097,0.09,0.1,0.102
6,0.095,0.09,0.1,0.101
7,0.095,0.089,0.1,0.101
8,0.094,0.088,0.101,0.101
9,0.092,0.088,0.101,0.101
10,0.092,0.087,0.101,0.102
11,0.089,0.086,0.099,0.102
12,0.089,0.086,0.099,0.103
13,0.089,0.086,0.098,0.105
14,0.085,0.086,0.094,0.106
15,0.083,0.086,0.094,0.106
16,0.082,0.086,0.092,0.105
17,0.082,0.086,0.09,0.105
18,0.08,0.086,0.09,0.105
19,0.08,0.086,0.088,0.103
20,0.08,0.087,0.086,0.1
,,,,
NGC2577 ,,,,
Arcminute,North,East,South,West
0,0.145,0.145,0.145,0.145
1,0.145,0.145,0.144,0.145
2,0.143,0.142,0.137,0.144
3,0.137,0.14,0.137,0.144
4,0.137,0.14,0.133,0.144
5,0.131,0.134,0.129,0.143
6,0.127,0.132,0.129,0.143
7,0.127,0.132,0.123,0.143
8,0.123,0.13,0.12,0.142
9,0.119,0.13,0.12,0.14
10,0.119,0.13,0.12,0.139
11,0.115,0.13,0.121,0.139
12,0.112,0.132,0.121,0.137
13,0.112,0.132,0.124,0.137
14,0.107,0.133,0.124,0.137
15,0.104,0.137,0.124,0.137
16,0.104,0.137,0.124,0.138
17,0.102,0.14,0.125,0.139
18,0.099,0.142,0.125,0.139
19,0.099,0.142,0.123,0.143
20,0.095,0.145,0.121,0.144
,,,,
UGC5378 ,,,,
Arcminute,North,East,South,West
0,0.075,0.075,0.075,0.075
1,0.076,0.072,0.069,0.074
2,0.076,0.072,0.069,0.072
3,0.076,0.07,0.065,0.072
4,0.074,0.064,0.06,0.067
5,0.074,0.064,0.06,0.064
6,0.073,0.063,0.06,0.064
7,0.072,0.061,0.059,0.063
8,0.073,0.061,0.059,0.064
9,0.073,0.061,0.06,0.064
10,0.075,0.06,0.061,0.064
11,0.074,0.06,0.061,0.066
12,0.074,0.06,0.063,0.066
13,0.075,0.06,0.063,0.065
14,0.076,0.06,0.063,0.065
15,0.076,0.06,0.064,0.065
16,0.073,0.059,0.064,0.066
17,0.071,0.059,0.064,0.067
18,0.071,0.058,0.063,0.067
19,0.068,0.057,0.062,0.071
20,0.068,0.057,0.062,0.071
,,,,
UGC4179 ,,,,
Arcminute,North,East,South,West
0,0.153,0.153,0.153,0.153
1,0.142,0.153,0.159,0.153
2,0.142,0.147,0.159,0.153
3,0.133,0.147,0.166,0.152
4,0.126,0.145,0.173,0.152
5,0.126,0.138,0.173,0.151
6,0.118,0.138,0.177,0.152
7,0.11,0.137,0.181,0.152
8,0.11,0.135,0.181,0.152
9,0.106,0.135,0.184,0.152
10,0.103,0.135,0.185,0.152
11,0.103,0.136,0.185,0.151
12,0.102,0.136,0.185,0.15
13,0.103,0.135,0.181,0.15
14,0.103,0.134,0.181,0.144
15,0.103,0.134,0.176,0.141
16,0.103,0.133,0.172,0.141
17,0.103,0.131,0.172,0.135
18,0.105,0.131,0.165,0.133
19,0.105,0.13,0.161,0.133
20,0.105,0.129,0.161,0.128
,,,,
UGC7848 ,,,,
Arcminute,North,East,South,West
0,0.041,0.041,0.041,0.041
1,0.04,0.041,0.041,0.038
2,0.039,0.041,0.04,0.036
3,0.039,0.04,0.039,0.034
4,0.038,0.04,0.039,0.033
5,0.037,0.039,0.039,0.031
6,0.037,0.038,0.04,0.031
7,0.036,0.038,0.04,0.031
8,0.037,0.038,0.041,0.031
9,0.037,0.037,0.041,0.031
10,0.037,0.037,0.041,0.031
11,0.036,0.036,0.041,0.032
12,0.037,0.036,0.04,0.032
13,0.037,0.036,0.04,0.032
14,0.037,0.036,0.039,0.032
15,0.038,0.037,0.038,0.031
16,0.038,0.037,0.038,0.031
17,0.038,0.036,0.037,0.032
18,0.038,0.036,0.036,0.032
19,0.038,0.036,0.036,0.032
20,0.038,0.036,0.034,0.033
,,,,
NGC3953 ,,,,
Arcminute,North,East,South,West
0,0.08,0.08,0.08,0.08
1,0.08,0.08,0.082,0.08
2,0.08,0.081,0.082,0.079
3,0.08,0.082,0.085,0.079
4,0.08,0.082,0.09,0.075
5,0.08,0.082,0.09,0.071
6,0.079,0.081,0.093,0.066
7,0.078,0.081,0.098,0.064
8,0.078,0.079,0.098,0.06
9,0.075,0.074,0.098,0.059
10,0.067,0.074,0.096,0.058
11,0.067,0.072,0.096,0.055
12,0.063,0.071,0.094,0.053
13,0.06,0.071,0.092,0.049
14,0.06,0.068,0.092,0.047
15,0.06,0.066,0.09,0.047
16,0.06,0.066,0.085,0.047
17,0.06,0.065,0.085,0.049
18,0.063,0.065,0.083,0.049
19,0.066,0.065,0.074,0.05
20,0.066,0.066,0.074,0.05
,,,,
NGC1371 ,,,,
Arcminute,North,East,South,West
0,0.072,0.072,0.072,0.072
1,0.072,0.068,0.066,0.07
2,0.071,0.068,0.059,0.07
3,0.068,0.061,0.059,0.07
4,0.066,0.057,0.056,0.067
5,0.066,0.057,0.052,0.063
6,0.059,0.052,0.052,0.063
7,0.059,0.05,0.05,0.061
8,0.058,0.05,0.048,0.059
9,0.056,0.047,0.048,0.058
10,0.056,0.046,0.045,0.058
11,0.056,0.046,0.045,0.057
12,0.055,0.045,0.045,0.058
13,0.055,0.045,0.044,0.06
14,0.055,0.045,0.043,0.06
15,0.056,0.044,0.043,0.061
16,0.056,0.045,0.043,0.061
17,0.057,0.045,0.042,0.061
18,0.058,0.045,0.042,0.061
19,0.058,0.045,0.044,0.06
20,0.058,0.045,0.043,0.057
,,,,
NGC5194,,,,
Arcminute,North,East,South,West
0,0.094,0.094,0.094,0.094
1,0.093,0.094,0.096,0.094
2,0.093,0.094,0.096,0.093
3,0.093,0.094,0.102,0.093
4,0.095,0.095,0.105,0.091
5,0.095,0.095,0.105,0.088
6,0.096,0.089,0.113,0.081
7,0.096,0.086,0.111,0.072
8,0.096,0.086,0.111,0.072
9,0.095,0.076,0.092,0.072
10,0.08,0.067,0.081,0.072
11,0.08,0.067,0.081,0.072
12,0.069,0.062,0.066,0.072
13,0.063,0.056,0.062,0.068
14,0.063,0.056,0.062,0.066
15,0.057,0.054,0.055,0.064
16,0.054,0.053,0.049,0.061
17,0.054,0.053,0.049,0.06
18,0.053,0.053,0.046,0.06
19,0.053,0.052,0.046,0.06
20,0.053,0.052,0.046,0.06
,,,,
NGC2811,,,,
Arcminute,North,East,South,West
0,0.145,0.145,0.145,0.145
1,0.145,0.145,0.141,0.143
2,0.144,0.139,0.135,0.14
3,0.137,0.136,0.135,0.133
4,0.137,0.136,0.127,0.133
5,0.135,0.128,0.123,0.131
6,0.13,0.124,0.123,0.127
7,0.13,0.124,0.119,0.127
8,0.129,0.123,0.117,0.125
9,0.127,0.123,0.117,0.124
10,0.127,0.121,0.116,0.124
11,0.126,0.122,0.115,0.123
12,0.126,0.123,0.115,0.122
13,0.126,0.123,0.115,0.122
14,0.127,0.126,0.115,0.122
15,0.128,0.128,0.115,0.122
16,0.128,0.128,0.115,0.122
17,0.129,0.131,0.115,0.122
18,0.13,0.137,0.115,0.121
19,0.13,0.137,0.115,0.12
20,0.131,0.142,0.114,0.12
,,,,
NGC5430,,,,
Arcminute,North,East,South,West
0,0.041,0.041,0.041,0.041
1,0.041,0.041,0.041,0.041
2,0.041,0.041,0.041,0.042
3,0.041,0.041,0.041,0.044
4,0.041,0.041,0.041,0.045
5,0.041,0.04,0.041,0.047
6,0.04,0.039,0.041,0.047
7,0.039,0.039,0.041,0.046
8,0.039,0.039,0.041,0.043
9,0.037,0.038,0.039,0.039
10,0.037,0.038,0.039,0.039
11,0.037,0.038,0.039,0.036
12,0.037,0.04,0.038,0.036
13,0.038,0.04,0.037,0.036
14,0.038,0.04,0.037,0.036
15,0.038,0.04,0.036,0.036
16,0.039,0.04,0.036,0.036
17,0.039,0.04,0.036,0.036
18,0.038,0.038,0.035,0.036
19,0.035,0.038,0.035,0.036
20,0.035,0.038,0.035,0.036
,,,,
ic2574,,,,
Arcminute,North,East,South,West
0,0.097,0.097,0.097,0.097
1,0.097,0.097,0.097,0.096
2,0.097,0.098,0.097,0.095
3,0.097,0.099,0.096,0.093
4,0.097,0.099,0.095,0.088
5,0.097,0.1,0.095,0.086
6,0.097,0.102,0.092,0.083
7,0.096,0.102,0.087,0.085
8,0.096,0.102,0.087,0.092
9,0.095,0.102,0.083,0.099
10,0.094,0.102,0.076,0.097
11,0.094,0.098,0.076,0.088
12,0.094,0.095,0.074,0.078
13,0.094,0.095,0.073,0.072
14,0.094,0.083,0.073,0.071
15,0.095,0.081,0.069,0.07
16,0.095,0.081,0.067,0.068
17,0.095,0.076,0.067,0.068
18,0.095,0.074,0.065,0.069
19,0.094,0.074,0.063,0.07
20,0.094,0.073,0.063,0.074
,,,,
ngc0584,,,,
Arcminute,North,East,South,West
0,0.114,0.114,0.114,0.114
1,0.114,0.113,0.113,0.114
2,0.113,0.112,0.111,0.115
3,0.108,0.112,0.111,0.116
4,0.108,0.111,0.11,0.116
5,0.104,0.11,0.108,0.117
6,0.103,0.11,0.108,0.119
7,0.103,0.107,0.106,0.119
8,0.099,0.106,0.104,0.118
9,0.098,0.106,0.104,0.119
10,0.098,0.104,0.102,0.119
11,0.098,0.104,0.099,0.115
12,0.099,0.104,0.099,0.113
13,0.099,0.104,0.098,0.113
14,0.1,0.104,0.095,0.106
15,0.101,0.104,0.095,0.104
16,0.101,0.104,0.093,0.104
17,0.103,0.104,0.091,0.099
18,0.104,0.104,0.091,0.097
19,0.104,0.103,0.09,0.097
20,0.106,0.101,0.088,0.095
,,,,
ngc0628,,,,
Arcminute,North,East,South,West
0,0.188,0.188,0.188,0.188
1,0.189,0.187,0.188,0.19
2,0.189,0.187,0.188,0.19
3,0.189,0.186,0.187,0.192
4,0.191,0.185,0.187,0.196
5,0.191,0.186,0.187,0.196
6,0.191,0.185,0.183,0.2
7,0.191,0.181,0.183,0.2
8,0.189,0.181,0.181,0.2
9,0.189,0.176,0.175,0.192
10,0.182,0.171,0.175,0.19
11,0.18,0.171,0.171,0.182
12,0.177,0.166,0.167,0.182
13,0.177,0.16,0.167,0.185
14,0.176,0.16,0.164,0.176
15,0.175,0.16,0.154,0.176
16,0.175,0.16,0.154,0.177
17,0.175,0.161,0.152,0.172
18,0.176,0.161,0.147,0.172
19,0.176,0.167,0.147,0.17
20,0.177,0.17,0.145,0.169
,,,,
ngc1097,,,,
Arcminute,North,East,South,West
0,0.072,0.072,0.072,0.072
1,0.072,0.072,0.072,0.072
2,0.072,0.071,0.071,0.072
3,0.072,0.071,0.071,0.073
4,0.072,0.071,0.071,0.073
5,0.074,0.07,0.066,0.07
6,0.074,0.068,0.066,0.067
7,0.074,0.068,0.064,0.065
8,0.071,0.064,0.059,0.061
9,0.068,0.06,0.059,0.061
10,0.068,0.06,0.055,0.061
11,0.064,0.058,0.054,0.058
12,0.058,0.054,0.054,0.057
13,0.058,0.054,0.052,0.057
14,0.056,0.053,0.052,0.056
15,0.054,0.053,0.052,0.055
16,0.054,0.053,0.053,0.055
17,0.054,0.054,0.053,0.055
18,0.052,0.054,0.053,0.055
19,0.052,0.054,0.054,0.055
20,0.051,0.056,0.054,0.056
,,,,
ngc2915,,,,
Arcminute,North,East,South,West
0,0.737,0.737,0.737,0.737
1,0.736,0.739,0.737,0.753
2,0.734,0.739,0.735,0.785
3,0.734,0.744,0.725,0.789
4,0.729,0.748,0.725,0.767
5,0.716,0.748,0.719,0.711
6,0.712,0.758,0.708,0.647
7,0.703,0.776,0.708,0.584
8,0.665,0.776,0.708,0.538
9,0.665,0.787,0.707,0.488
10,0.654,0.796,0.707,0.455
11,0.613,0.796,0.714,0.454
12,0.613,0.796,0.728,0.447
13,0.599,0.788,0.728,0.425
14,0.572,0.788,0.737,0.411
15,0.572,0.783,0.756,0.41
16,0.56,0.785,0.756,0.403
17,0.542,0.785,0.766,0.394
18,0.542,0.784,0.794,0.375
19,0.534,0.784,0.794,0.357
20,0.519,0.784,0.807,0.343
,,,,
ngc3034,,,,
Arcminute,North,East,South,West
0,0.419,0.419,0.419,0.419
1,0.418,0.406,0.419,0.431
2,0.419,0.406,0.424,0.42
3,0.419,0.398,0.425,0.368
4,0.428,0.374,0.425,0.308
5,0.433,0.374,0.42,0.266
6,0.433,0.36,0.374,0.254
7,0.437,0.338,0.403,0.259
8,0.405,0.338,0.346,0.267
9,0.405,0.309,0.31,0.27
10,0.379,0.293,0.31,0.257
11,0.308,0.284,0.24,0.253
12,0.308,0.243,0.217,0.245
13,0.271,0.203,0.217,0.232
14,0.245,0.203,0.201,0.233
15,0.245,0.169,0.195,0.228
16,0.214,0.156,0.195,0.221
17,0.208,0.156,0.201,0.228
18,0.208,0.151,0.208,0.229
19,0.202,0.142,0.208,0.234
20,0.205,0.142,0.224,0.247
,,,,
ngc3184,,,,
Arcminute,North,East,South,West
0,0.045,0.045,0.045,0.045
1,0.045,0.045,0.045,0.045
2,0.045,0.045,0.045,0.045
3,0.045,0.046,0.045,0.045
4,0.044,0.046,0.045,0.046
5,0.044,0.046,0.045,0.046
6,0.043,0.046,0.044,0.047
7,0.043,0.046,0.041,0.047
8,0.043,0.045,0.041,0.048
9,0.043,0.045,0.04,0.048
10,0.043,0.045,0.037,0.046
11,0.043,0.042,0.038,0.045
12,0.044,0.041,0.036,0.044
13,0.044,0.041,0.036,0.044
14,0.044,0.038,0.036,0.043
15,0.044,0.037,0.036,0.043
16,0.042,0.037,0.037,0.044
17,0.042,0.036,0.037,0.046
18,0.042,0.034,0.036,0.046
19,0.041,0.034,0.035,0.047
20,0.041,0.034,0.035,0.048
,,,,
ngc3198,,,,
Arcminute,North,East,South,West
0,0.033,0.033,0.033,0.033
1,0.033,0.033,0.033,0.033
2,0.033,0.032,0.033,0.034
3,0.033,0.032,0.033,0.035
4,0.031,0.032,0.033,0.035
5,0.029,0.03,0.033,0.034
6,0.027,0.03,0.032,0.032
7,0.027,0.029,0.032,0.031
8,0.025,0.027,0.032,0.028
9,0.024,0.027,0.03,0.027
10,0.024,0.027,0.03,0.026
11,0.023,0.026,0.029,0.026
12,0.024,0.026,0.029,0.026
13,0.024,0.029,0.029,0.028
14,0.024,0.03,0.029,0.028
15,0.025,0.031,0.03,0.029
16,0.025,0.031,0.03,0.027
17,0.024,0.031,0.029,0.026
18,0.024,0.031,0.028,0.025
19,0.024,0.031,0.028,0.024
20,0.021,0.031,0.027,0.023
,,,,
ngc3521,,,,
Arcminute,North,East,South,West
0,0.154,0.154,0.154,0.154
1,0.155,0.155,0.153,0.154
2,0.155,0.155,0.153,0.153
3,0.157,0.155,0.15,0.151
4,0.158,0.156,0.147,0.151
5,0.158,0.16,0.147,0.149
6,0.162,0.16,0.134,0.135
7,0.162,0.158,0.13,0.135
8,0.162,0.156,0.13,0.129
9,0.153,0.156,0.12,0.117
10,0.145,0.148,0.114,0.117
11,0.145,0.152,0.114,0.112
12,0.131,0.152,0.11,0.107
13,0.127,0.152,0.107,0.107
14,0.127,0.151,0.107,0.102
15,0.121,0.151,0.104,0.098
16,0.122,0.15,0.103,0.098
17,0.122,0.15,0.103,0.091
18,0.124,0.15,0.101,0.091
19,0.129,0.151,0.097,0.091
20,0.129,0.148,0.097,0.086
,,,,
ngc3627,,,,
Arcminute,North,East,South,West
0,0.09,0.09,0.09,0.09
1,0.087,0.09,0.09,0.089
2,0.087,0.09,0.093,0.089
3,0.087,0.089,0.098,0.087
4,0.087,0.09,0.098,0.086
5,0.084,0.09,0.098,0.086
6,0.084,0.087,0.093,0.083
7,0.083,0.082,0.093,0.078
8,0.076,0.082,0.085,0.076
9,0.076,0.081,0.076,0.076
10,0.073,0.081,0.076,0.072
11,0.065,0.081,0.072,0.07
12,0.065,0.079,0.07,0.07
13,0.064,0.076,0.07,0.069
14,0.063,0.076,0.07,0.067
15,0.063,0.074,0.07,0.067
16,0.064,0.074,0.07,0.066
17,0.065,0.074,0.075,0.066
18,0.065,0.072,0.078,0.066
19,0.067,0.068,0.078,0.065
20,0.069,0.068,0.083,0.064
,,,,
ngc4125,,,,
Arcminute,North,East,South,West
0,0.051,0.051,0.051,0.051
1,0.051,0.05,0.051,0.052
2,0.051,0.05,0.051,0.053
3,0.051,0.049,0.051,0.058
4,0.05,0.047,0.052,0.06
5,0.05,0.047,0.052,0.06
6,0.049,0.047,0.052,0.058
7,0.049,0.047,0.054,0.058
8,0.049,0.047,0.054,0.058
9,0.049,0.047,0.054,0.058
10,0.048,0.047,0.054,0.058
11,0.048,0.047,0.054,0.056
12,0.047,0.048,0.052,0.055
13,0.046,0.048,0.052,0.052
14,0.046,0.048,0.052,0.053
15,0.046,0.048,0.05,0.049
16,0.044,0.048,0.048,0.044
17,0.044,0.048,0.048,0.042
18,0.044,0.049,0.046,0.039
19,0.044,0.049,0.045,0.037
20,0.044,0.049,0.045,0.036
,,,,
ngc4569,,,,
Arcminute,North,East,South,West
0,0.126,0.126,0.126,0.126
1,0.124,0.126,0.126,0.124
2,0.123,0.126,0.126,0.122
3,0.123,0.127,0.126,0.122
4,0.122,0.127,0.126,0.119
5,0.12,0.128,0.126,0.113
6,0.12,0.128,0.128,0.109
7,0.12,0.128,0.128,0.109
8,0.12,0.127,0.129,0.102
9,0.12,0.124,0.131,0.097
10,0.117,0.124,0.131,0.097
11,0.117,0.122,0.133,0.093
12,0.117,0.116,0.131,0.092
13,0.117,0.116,0.13,0.092
14,0.116,0.111,0.13,0.091
15,0.116,0.108,0.124,0.091
16,0.121,0.108,0.118,0.091
17,0.123,0.105,0.118,0.089
18,0.123,0.103,0.11,0.091
19,0.126,0.103,0.107,0.091
20,0.127,0.102,0.107,0.092
,,,,
ngc4594,,,,
Arcminute,North,East,South,West
0,0.137,0.137,0.137,0.137
1,0.137,0.138,0.136,0.137
2,0.137,0.139,0.135,0.137
3,0.137,0.139,0.135,0.138
4,0.137,0.141,0.133,0.138
5,0.136,0.14,0.132,0.139
6,0.134,0.14,0.132,0.142
7,0.134,0.137,0.128,0.142
8,0.13,0.133,0.128,0.14
9,0.125,0.133,0.128,0.139
10,0.125,0.131,0.125,0.139
11,0.124,0.127,0.125,0.135
12,0.118,0.127,0.125,0.132
13,0.118,0.125,0.124,0.132
14,0.114,0.127,0.126,0.128
15,0.112,0.127,0.126,0.125
16,0.112,0.128,0.127,0.125
17,0.11,0.13,0.127,0.122
18,0.108,0.13,0.127,0.119
19,0.108,0.131,0.128,0.117
20,0.107,0.133,0.129,0.117
,,,,
ngc4631,,,,
Arcminute,North,East,South,West
0,0.046,0.046,0.046,0.046
1,0.046,0.046,0.046,0.046
2,0.046,0.046,0.046,0.046
3,0.045,0.046,0.046,0.047
4,0.045,0.046,0.048,0.049
5,0.045,0.046,0.048,0.049
6,0.046,0.046,0.05,0.05
7,0.046,0.046,0.048,0.05
8,0.047,0.047,0.048,0.048
9,0.047,0.048,0.049,0.045
10,0.048,0.048,0.047,0.045
11,0.049,0.048,0.047,0.043
12,0.049,0.047,0.043,0.039
13,0.048,0.047,0.043,0.039
14,0.047,0.046,0.043,0.039
15,0.047,0.045,0.04,0.039
16,0.044,0.045,0.039,0.04
17,0.042,0.044,0.039,0.042
18,0.042,0.043,0.038,0.042
19,0.039,0.043,0.038,0.041
20,0.039,0.042,0.038,0.041
,,,,
ngc4736,,,,
Arcminute,North,East,South,West
0,0.048,0.048,0.048,0.048
1,0.047,0.048,0.048,0.048
2,0.047,0.048,0.048,0.049
3,0.047,0.048,0.049,0.05
4,0.047,0.048,0.049,0.05
5,0.047,0.048,0.049,0.051
6,0.047,0.046,0.049,0.05
7,0.044,0.046,0.049,0.05
8,0.042,0.045,0.047,0.047
9,0.042,0.043,0.043,0.043
10,0.036,0.043,0.043,0.041
11,0.035,0.041,0.042,0.04
12,0.035,0.038,0.04,0.04
13,0.032,0.038,0.04,0.041
14,0.032,0.037,0.036,0.04
15,0.032,0.034,0.036,0.04
16,0.033,0.034,0.036,0.04
17,0.033,0.033,0.033,0.04
18,0.033,0.033,0.032,0.04
19,0.034,0.033,0.032,0.04
20,0.034,0.033,0.029,0.041
,,,,
ngc5055,,,,
Arcminute,North,East,South,West
0,0.047,0.047,0.047,0.047
1,0.047,0.047,0.047,0.047
2,0.047,0.047,0.048,0.048
3,0.047,0.047,0.049,0.049
4,0.047,0.048,0.049,0.049
5,0.047,0.047,0.052,0.05
6,0.047,0.047,0.051,0.05
7,0.047,0.046,0.051,0.047
8,0.047,0.045,0.051,0.045
9,0.047,0.045,0.048,0.041
10,0.046,0.043,0.048,0.04
11,0.044,0.042,0.042,0.039
12,0.044,0.042,0.036,0.039
13,0.043,0.04,0.036,0.038
14,0.041,0.038,0.034,0.038
15,0.041,0.038,0.032,0.038
16,0.041,0.037,0.032,0.038
17,0.042,0.036,0.032,0.038
18,0.042,0.036,0.032,0.04
19,0.043,0.036,0.032,0.04
20,0.043,0.036,0.034,0.043
,,,,
ngc5194,,,,
Arcminute,North,East,South,West
0,0.094,0.094,0.094,0.094
1,0.093,0.094,0.096,0.094
2,0.093,0.094,0.096,0.093
3,0.093,0.094,0.102,0.093
4,0.095,0.095,0.105,0.091
5,0.095,0.095,0.105,0.088
6,0.096,0.089,0.113,0.081
7,0.096,0.086,0.111,0.072
8,0.096,0.086,0.111,0.072
9,0.095,0.076,0.092,0.072
10,0.08,0.067,0.081,0.072
11,0.08,0.067,0.081,0.072
12,0.069,0.062,0.066,0.072
13,0.063,0.056,0.062,0.068
14,0.063,0.056,0.062,0.066
15,0.057,0.054,0.055,0.064
16,0.054,0.053,0.049,0.061
17,0.054,0.053,0.049,0.06
18,0.053,0.053,0.046,0.06
19,0.053,0.052,0.046,0.06
20,0.053,0.052,0.046,0.06
,,,,
ngc5195,,,,
Arcminute,North,East,South,West
0,0.095,0.095,0.095,0.095
1,0.096,0.095,0.094,0.095
2,0.096,0.093,0.094,0.093
3,0.097,0.093,0.093,0.093
4,0.093,0.09,0.094,0.088
5,0.093,0.086,0.094,0.09
6,0.079,0.086,0.096,0.086
7,0.073,0.078,0.101,0.081
8,0.073,0.069,0.101,0.077
9,0.061,0.069,0.106,0.075
10,0.059,0.059,0.107,0.074
11,0.059,0.057,0.107,0.076
12,0.055,0.057,0.1,0.077
13,0.054,0.056,0.092,0.076
14,0.054,0.056,0.092,0.075
15,0.053,0.056,0.081,0.07
16,0.052,0.056,0.068,0.067
17,0.052,0.056,0.068,0.063
18,0.051,0.056,0.058,0.061
19,0.05,0.056,0.055,0.059
20,0.05,0.057,0.055,0.057
,,,,
ngc6822,,,,
Arcminute,North,East,South,West
0,0.621,0.621,0.621,0.621
1,0.607,0.621,0.654,0.626
2,0.607,0.621,0.654,0.626
3,0.596,0.622,0.672,0.632
4,0.591,0.606,0.683,0.646
5,0.591,0.597,0.698,0.646
6,0.583,0.597,0.698,0.656
7,0.579,0.545,0.695,0.657
8,0.579,0.533,0.687,0.657
9,0.576,0.533,0.687,0.657
10,0.559,0.507,0.676,0.631
11,0.559,0.502,0.653,0.631
12,0.534,0.502,0.653,0.627
13,0.514,0.498,0.635,0.611
14,0.514,0.499,0.618,0.608
15,0.498,0.499,0.618,0.608
16,0.474,0.499,0.599,0.601
17,0.474,0.502,0.584,0.593
18,0.461,0.502,0.584,0.593
19,0.45,0.503,0.578,0.588
20,0.45,0.511,0.572,0.577
,,,,
ngc7552,,,,
Arcminute,North,East,South,West
0,0.038,0.038,0.038,0.038
1,0.038,0.038,0.038,0.038
2,0.037,0.038,0.038,0.038
3,0.037,0.038,0.037,0.038
4,0.038,0.039,0.037,0.037
5,0.037,0.039,0.037,0.036
6,0.037,0.04,0.035,0.034
7,0.036,0.039,0.035,0.034
8,0.035,0.039,0.034,0.032
9,0.035,0.039,0.032,0.028
10,0.032,0.036,0.032,0.027
11,0.03,0.036,0.031,0.027
12,0.03,0.033,0.03,0.026
13,0.027,0.032,0.03,0.026
14,0.026,0.032,0.032,0.028
15,0.026,0.03,0.032,0.028
16,0.026,0.029,0.032,0.03
17,0.028,0.029,0.034,0.03
18,0.028,0.029,0.034,0.03
19,0.029,0.03,0.034,0.03
20,0.031,0.03,0.035,0.029
,,,,
ngc7793,,,,
Arcminute,North,East,South,West
0,0.052,0.052,0.052,0.052
1,0.052,0.052,0.052,0.054
2,0.053,0.053,0.051,0.054
3,0.053,0.053,0.051,0.055
4,0.053,0.054,0.049,0.056
5,0.052,0.054,0.047,0.055
6,0.051,0.054,0.047,0.052
7,0.051,0.05,0.043,0.052
8,0.05,0.047,0.041,0.049
9,0.045,0.047,0.041,0.046
10,0.045,0.04,0.039,0.043
11,0.042,0.038,0.04,0.041
12,0.04,0.038,0.04,0.041
13,0.04,0.034,0.043,0.038
14,0.039,0.032,0.044,0.037
15,0.039,0.032,0.044,0.032
16,0.039,0.03,0.045,0.032
17,0.04,0.029,0.042,0.031
18,0.041,0.029,0.042,0.029
19,0.041,0.028,0.04,0.03
20,0.041,0.029,0.038,0.031